2020-03-19 20:38:56.166878,51.341,51.402,0.250
2020-03-19 20:39:53.414432,51.348,51.395,0.104
2020-03-19 20:40:50.658427,51.345,51.369,0.227
2020-03-19 20:41:47.902458,51.357,51.403,0.249
2020-03-19 20:42:45.142519,51.339,51.364,0.203
2020-03-19 20:43:42.386574,51.349,51.388,0.022
2020-03-19 20:44:39.630436,51.338,51.368,0.287
2020-03-19 20:45:36.874434,51.340,51.378,0.249
2020-03-19 20:46:34.114405,51.322,51.347,0.018
2020-03-19 20:47:31.358400,51.327,51.362,0.103
2020-03-19 20:48:28.602419,51.326,51.350,0.021
2020-03-19 20:49:25.846414,51.336,51.387,0.145
2020-03-19 20:50:23.078383,51.336,51.372,0.019
2020-03-19 20:51:20.326403,51.334,51.382,0.249
2020-03-19 20:52:17.570408,51.354,51.393,0.249
2020-03-19 20:53:14.814406,51.336,51.387,0.023
2020-03-19 20:54:12.046392,51.324,51.362,0.144
2020-03-19 20:55:09.290426,51.352,51.387,0.227
2020-03-19 20:56:06.534446,51.364,51.414,0.203
2020-03-19 20:57:03.778477,51.341,51.370,0.177
2020-03-19 20:58:01.022472,51.334,51.364,0.287
2020-03-19 20:58:58.266403,51.344,51.385,0.249
2020-03-19 20:59:55.510452,51.339,51.387,0.104
2020-03-19 21:00:52.754437,51.298,51.327,0.203
2020-03-19 21:01:50.098441,51.344,51.363,0.176
2020-03-19 21:02:47.346446,51.364,51.424,0.026
2020-03-19 21:03:44.590416,51.325,51.355,0.101
2020-03-19 21:04:41.834478,51.329,51.372,0.020
2020-03-19 21:05:39.066445,51.353,51.385,0.249
2020-03-19 21:06:36.310440,51.346,51.380,0.204
2020-03-19 21:07:33.554477,51.318,51.332,0.268
2020-03-19 21:08:30.798465,51.352,51.371,0.013
2020-03-19 21:09:28.034466,51.341,51.374,0.177
2020-03-19 21:10:25.278440,51.329,51.383,0.103
2020-03-19 21:11:22.522470,51.326,51.373,0.287
2020-03-19 21:12:19.766431,51.345,51.375,0.304
2020-03-19 21:13:17.010473,51.342,51.395,0.145
2020-03-19 21:14:14.254467,51.321,51.350,0.102
2020-03-19 21:15:11.498497,51.332,51.380,0.249
2020-03-19 21:16:08.742457,51.344,51.388,0.227
2020-03-19 21:17:05.972086,51.333,51.364,0.249
2020-03-19 21:18:03.214514,51.335,51.369,0.018
2020-03-19 21:19:00.458551,51.343,51.381,0.227
2020-03-19 21:19:57.702462,62.383,69.456,5.656
2020-03-19 21:20:54.946497,51.334,51.383,0.305
2020-03-19 21:21:52.190564,51.326,51.359,0.286
2020-03-19 21:22:49.434470,51.346,51.402,0.031
2020-03-19 21:23:46.682490,51.336,51.361,0.015
2020-03-19 21:24:43.926476,51.323,51.351,0.203
2020-03-19 21:25:41.162449,51.342,51.369,0.268
2020-03-19 21:26:38.406471,51.346,51.396,0.177
2020-03-19 21:27:35.650457,51.340,51.377,0.018
2020-03-19 21:28:32.894401,51.348,51.367,0.268
2020-03-19 21:29:30.138421,51.354,51.376,0.203
2020-03-19 21:30:27.394493,51.340,51.383,0.287
2020-03-19 21:31:24.638514,51.341,51.379,0.248
2020-03-19 21:32:21.882593,51.336,51.357,0.248
2020-03-19 21:33:19.126465,51.347,51.365,0.248
2020-03-19 21:34:16.370531,51.347,51.365,0.286
2020-03-19 21:35:13.614442,51.331,51.383,0.103
2020-03-19 21:36:10.858473,51.359,51.381,0.248
2020-03-19 21:37:08.098425,51.326,51.343,0.175
2020-03-19 21:38:05.342434,51.333,51.358,0.248
2020-03-19 21:39:02.586439,51.333,51.365,0.269
2020-03-19 21:39:59.830473,51.329,51.366,0.144
2020-03-19 21:40:57.062427,51.340,51.382,0.269
2020-03-19 21:41:54.314441,51.335,51.389,0.204
2020-03-19 21:42:51.558450,51.342,51.364,0.015
2020-03-19 21:43:48.802402,51.334,51.389,0.228
2020-03-19 21:44:46.034435,51.335,51.367,0.019
2020-03-19 21:45:43.278451,51.345,51.367,0.227
2020-03-19 21:46:40.522513,51.342,51.401,0.206
2020-03-19 21:47:37.766413,51.341,51.376,0.287
2020-03-19 21:48:35.010495,51.354,51.390,0.249
2020-03-19 21:49:32.254471,51.348,51.381,0.144
2020-03-19 21:50:29.498584,51.329,51.383,0.145
2020-03-19 21:51:26.742439,51.335,51.364,0.249
2020-03-19 21:52:23.986517,51.368,51.417,0.027
2020-03-19 21:53:21.230560,51.321,51.352,0.268
2020-03-19 21:54:18.474438,53.227,70.186,5.655
2020-03-19 21:55:15.734495,51.340,51.358,0.287
2020-03-19 21:56:12.978540,51.350,51.390,0.176
2020-03-19 21:57:10.222623,51.326,51.373,0.249
2020-03-19 21:58:07.466465,51.333,51.367,0.268
2020-03-19 21:59:04.710486,51.353,51.385,0.269
2020-03-19 22:00:01.958412,51.325,51.345,0.268
2020-03-19 22:00:59.202472,51.340,51.374,0.227
2020-03-19 22:01:56.446526,51.348,51.399,0.177
2020-03-19 22:02:53.690454,51.340,51.372,0.228
2020-03-19 22:03:50.934462,51.323,51.370,0.176
2020-03-19 22:04:48.178526,51.340,51.390,0.287
2020-03-19 22:05:45.422561,51.345,51.380,0.287
2020-03-19 22:06:42.666428,51.323,51.343,0.143
2020-03-19 22:07:39.910526,51.319,51.370,0.287
2020-03-19 22:08:37.150461,51.342,51.379,0.249
2020-03-19 22:09:34.394448,51.343,51.402,0.270
2020-03-19 22:10:31.638503,51.333,51.370,0.287
2020-03-19 22:11:28.882522,51.356,51.377,0.268
2020-03-19 22:12:26.122439,51.361,51.408,0.287
2020-03-19 22:13:23.366489,51.339,51.364,0.176
2020-03-19 22:14:20.610499,51.328,51.375,0.021
2020-03-19 22:15:17.854605,51.342,51.369,0.020
2020-03-19 22:16:15.094462,51.344,51.402,0.037
2020-03-19 22:17:12.338471,51.334,51.363,0.287
2020-03-19 22:18:09.582574,51.333,51.364,0.227
2020-03-19 22:19:06.826468,51.351,51.378,0.227
2020-03-19 22:20:04.062527,51.359,51.382,0.143
2020-03-19 22:21:01.306413,51.334,51.367,0.287
2020-03-19 22:21:58.550422,51.361,51.411,0.177
2020-03-19 22:22:55.794486,51.343,51.383,0.269
2020-03-19 22:23:53.030414,51.351,51.391,0.104
2020-03-19 22:24:50.274379,51.346,51.380,0.227
2020-03-19 22:25:47.518487,51.351,51.373,0.268
2020-03-19 22:26:44.762398,51.343,51.376,0.227
2020-03-19 22:27:42.006432,51.325,51.363,0.304
2020-03-19 22:28:39.250450,51.349,51.376,0.103
2020-03-19 22:29:36.494461,51.332,51.364,0.227
2020-03-19 22:30:33.742469,51.348,51.380,0.104
2020-03-19 22:31:30.986480,51.342,51.378,0.021
2020-03-19 22:32:28.230531,51.346,51.382,0.227
2020-03-19 22:33:25.474579,51.338,51.368,0.287
2020-03-19 22:34:22.718439,51.347,51.366,0.176
2020-03-19 22:35:19.962433,51.341,51.378,0.204
2020-03-19 22:36:17.206562,51.327,51.349,0.143
2020-03-19 22:37:14.450438,51.344,51.404,0.204
2020-03-19 22:38:11.702510,51.327,51.362,0.249
2020-03-19 22:39:08.946423,51.374,51.406,0.144
2020-03-19 22:40:06.190448,51.345,51.377,0.103
2020-03-19 22:41:03.434439,51.353,51.421,0.288
2020-03-19 22:42:00.678435,51.341,51.366,0.176
2020-03-19 22:42:57.922400,51.327,51.360,0.248
2020-03-19 22:43:55.154438,51.347,51.382,0.287
2020-03-19 22:44:52.398465,51.375,51.421,0.249
2020-03-19 22:45:49.642459,51.332,51.364,0.144
2020-03-19 22:46:46.886435,51.348,51.383,0.269
2020-03-19 22:47:44.130446,51.338,51.376,0.248
2020-03-19 22:48:41.374484,51.345,51.401,0.104
2020-03-19 22:49:38.618458,51.329,51.366,0.248
2020-03-19 22:50:35.862481,51.356,51.383,0.287
2020-03-19 22:51:33.110398,51.342,51.388,0.305
2020-03-19 22:52:30.352155,51.335,51.360,0.017
2020-03-19 22:53:27.594492,51.328,51.372,0.022
2020-03-19 22:54:24.838420,51.336,51.417,0.147
2020-03-19 22:55:22.070449,51.356,51.414,0.228
2020-03-19 22:56:19.314432,51.323,51.361,0.286
2020-03-19 22:57:16.558397,51.350,51.384,0.204
2020-03-19 22:58:13.802440,51.346,51.377,0.144
2020-03-19 22:59:11.038459,51.326,51.363,0.103
2020-03-19 23:00:08.282441,51.337,51.379,0.104
2020-03-19 23:01:05.526462,51.347,51.405,0.106
2020-03-19 23:02:02.770429,51.349,51.403,0.178
2020-03-19 23:03:00.018450,51.324,51.356,0.013
2020-03-19 23:03:57.232894,51.336,51.384,0.287
2020-03-19 23:04:54.474461,51.357,51.385,0.227
2020-03-19 23:05:51.718488,51.339,51.364,0.287
2020-03-19 23:06:48.962447,51.337,51.363,0.268
2020-03-19 23:07:46.206478,51.345,51.379,0.204
2020-03-19 23:08:43.450478,51.365,51.416,0.203
2020-03-19 23:09:40.694553,51.334,51.374,0.249
2020-03-19 23:10:37.938511,51.337,51.389,0.104
2020-03-19 23:11:35.174478,51.357,51.403,0.145
2020-03-19 23:12:32.418483,51.346,51.385,0.146
2020-03-19 23:13:29.662502,51.328,51.380,0.176
2020-03-19 23:14:26.906459,51.351,51.380,0.019
2020-03-19 23:15:24.150475,51.359,51.397,0.103
2020-03-19 23:16:21.398595,51.350,51.392,0.021
2020-03-19 23:17:18.642467,51.346,51.381,0.249
2020-03-19 23:18:15.886544,51.358,51.404,0.249
2020-03-19 23:19:13.130551,51.336,51.374,0.305
2020-03-19 23:20:10.374439,51.323,51.342,0.268
2020-03-19 23:21:07.618453,51.348,51.364,0.227
2020-03-19 23:22:04.862440,51.357,51.401,0.146
2020-03-19 23:23:02.106423,51.348,51.370,0.102
2020-03-19 23:23:59.350460,51.347,51.382,0.269
2020-03-19 23:24:56.594401,51.345,51.380,0.104
2020-03-19 23:25:53.838534,51.327,51.382,0.104
2020-03-19 23:26:51.070444,51.356,51.396,0.105
2020-03-19 23:27:48.314457,51.351,51.383,0.227
2020-03-19 23:28:45.558473,51.340,51.371,0.287
2020-03-19 23:29:42.802443,51.342,51.363,0.144
2020-03-19 23:30:40.034524,51.335,51.367,0.017
2020-03-19 23:31:37.278418,51.348,51.391,0.305
2020-03-19 23:32:34.526420,51.338,51.372,0.176
2020-03-19 23:33:31.770478,51.353,51.376,0.248
2020-03-19 23:34:29.014512,51.353,51.378,0.268
2020-03-19 23:35:26.258445,51.335,51.368,0.144
2020-03-19 23:36:23.502457,51.363,51.381,0.102
2020-03-19 23:37:20.750404,51.356,51.397,0.305
2020-03-19 23:38:17.994415,51.331,51.363,0.176
2020-03-19 23:39:15.234451,51.342,51.364,0.103
2020-03-19 23:40:12.478547,51.348,51.365,0.227
2020-03-19 23:41:09.722451,51.327,51.360,0.268
2020-03-19 23:42:06.966490,51.324,51.342,0.248
2020-03-19 23:43:04.197141,51.342,51.372,0.227
2020-03-19 23:44:01.438447,51.363,51.412,0.227
2020-03-19 23:44:58.682467,51.346,51.371,0.227
2020-03-19 23:45:55.926521,51.327,51.370,0.103
2020-03-19 23:46:53.156101,51.341,51.363,0.268
2020-03-19 23:47:50.398450,51.367,51.392,0.018
2020-03-19 23:48:47.642480,51.330,51.376,0.144
2020-03-19 23:49:44.886444,51.337,51.371,0.023
2020-03-19 23:50:42.130438,51.360,51.424,0.287
2020-03-19 23:51:39.374449,51.353,51.401,0.269
2020-03-19 23:52:36.618427,51.325,51.370,0.287
2020-03-19 23:53:33.862480,51.338,51.370,0.018
2020-03-19 23:54:31.106429,51.356,51.399,0.177
2020-03-19 23:55:28.350436,51.325,51.342,0.102
2020-03-19 23:56:25.594458,51.346,51.384,0.177
2020-03-19 23:57:22.838466,51.358,51.390,0.146
2020-03-19 23:58:20.070460,51.344,51.386,0.269
2020-03-19 23:59:17.314444,51.343,51.375,0.304
2020-03-20 00:00:14.562441,51.342,51.369,0.021
2020-03-20 00:01:11.810466,51.359,51.414,0.251
2020-03-20 00:02:09.046538,51.338,51.387,0.145
2020-03-20 00:03:06.290632,51.330,51.362,0.203
2020-03-20 00:04:03.534438,51.379,51.424,0.288
2020-03-20 00:05:00.778414,51.351,51.399,0.228
2020-03-20 00:05:58.022451,51.325,51.364,0.144
2020-03-20 00:06:55.266460,51.352,51.371,0.143
2020-03-20 00:07:52.510428,51.352,51.385,0.227
2020-03-20 00:08:49.754446,51.327,51.365,0.228
2020-03-20 00:09:46.998446,51.348,51.383,0.176
2020-03-20 00:10:44.242451,51.362,51.409,0.146
2020-03-20 00:11:41.486460,51.338,51.388,0.105
2020-03-20 00:12:38.730450,51.332,51.360,0.144
2020-03-20 00:13:35.974437,51.355,51.385,0.304
2020-03-20 00:14:33.218429,51.352,51.415,0.177
2020-03-20 00:15:30.462410,51.347,51.396,0.269
2020-03-20 00:16:27.706476,51.346,51.364,0.287
2020-03-20 00:17:24.950410,51.354,51.383,0.176
2020-03-20 00:18:22.194583,51.335,51.371,0.304
2020-03-20 00:19:19.442483,51.329,51.364,0.287
2020-03-20 00:20:16.686500,51.353,51.384,0.304
2020-03-20 00:21:13.930426,51.364,51.414,0.269
2020-03-20 00:22:11.166479,51.350,51.380,0.268
2020-03-20 00:23:08.410459,51.334,51.379,0.269
2020-03-20 00:24:05.654473,51.363,51.389,0.012
2020-03-20 00:25:02.898456,51.332,51.374,0.268
2020-03-20 00:26:00.142509,51.352,51.380,0.227
2020-03-20 00:26:57.386449,51.336,51.372,0.027
2020-03-20 00:27:54.630436,51.346,51.399,0.269
2020-03-20 00:28:51.874494,51.345,51.373,0.024
2020-03-20 00:29:49.118421,51.353,51.400,0.144
2020-03-20 00:30:46.352107,51.349,51.417,0.106
2020-03-20 00:31:43.594485,51.338,51.370,0.305
2020-03-20 00:32:40.838391,51.347,51.367,0.286
2020-03-20 00:33:38.070459,51.339,51.397,0.179
2020-03-20 00:34:35.314437,51.332,51.372,0.103
2020-03-20 00:35:32.558436,51.338,51.373,0.104
2020-03-20 00:36:29.802583,51.338,51.384,0.177
2020-03-20 00:37:27.034440,51.338,51.381,0.176
2020-03-20 00:38:24.278501,51.333,51.375,0.028
2020-03-20 00:39:21.522514,51.353,51.365,0.286
2020-03-20 00:40:18.766399,51.351,51.393,0.203
2020-03-20 00:41:16.014433,51.331,51.361,0.103
2020-03-20 00:42:13.258413,51.354,51.399,0.204
2020-03-20 00:43:10.506413,51.346,51.375,0.144
2020-03-20 00:44:07.750463,51.354,51.386,0.287
2020-03-20 00:45:04.998415,51.333,51.363,0.248
2020-03-20 00:46:02.242445,51.342,51.384,0.104
2020-03-20 00:46:59.486418,51.366,51.408,0.105
2020-03-20 00:47:56.730415,51.329,51.368,0.248
2020-03-20 00:48:53.974486,51.335,51.370,0.287
2020-03-20 00:49:51.218453,51.352,51.394,0.227
2020-03-20 00:50:48.462478,51.345,51.365,0.175
2020-03-20 00:51:45.706489,51.324,51.345,0.248
2020-03-20 00:52:42.950450,51.351,51.417,0.205
2020-03-20 00:53:40.194464,51.345,51.405,0.146
2020-03-20 00:54:37.438505,51.328,51.388,0.203
2020-03-20 00:55:34.660080,51.344,51.366,0.203
2020-03-20 00:56:31.902499,51.341,51.382,0.204
2020-03-20 00:57:29.146457,51.362,51.409,0.204
2020-03-20 00:58:26.390395,54.049,64.911,4.036
2020-03-20 00:59:23.646455,51.343,51.364,0.016
2020-03-20 01:00:20.890490,51.351,51.380,0.287
2020-03-20 01:01:18.134501,51.353,51.377,0.144
2020-03-20 01:02:15.378457,51.332,51.360,0.176
2020-03-20 01:03:12.622507,51.343,51.379,0.021
2020-03-20 01:04:09.866493,51.345,51.429,0.306
2020-03-20 01:05:07.106454,51.366,51.401,0.227
2020-03-20 01:06:04.350465,51.349,51.375,0.102
2020-03-20 01:07:01.594498,51.347,51.384,0.204
2020-03-20 01:07:58.838486,51.347,51.364,0.287
2020-03-20 01:08:56.070471,51.335,51.364,0.287
2020-03-20 01:09:53.314480,51.359,51.428,0.249
2020-03-20 01:10:50.558472,51.373,51.422,0.230
2020-03-20 01:11:47.802476,51.354,51.385,0.144
2020-03-20 01:12:45.038537,51.347,51.375,0.304
2020-03-20 01:13:42.282442,51.349,51.370,0.144
2020-03-20 01:14:39.526453,51.384,51.491,0.113
2020-03-20 01:15:36.770432,51.368,51.417,0.305
2020-03-20 01:16:34.014440,51.340,51.381,0.145
2020-03-20 01:17:31.258487,51.330,51.372,0.017
2020-03-20 01:18:28.502446,51.346,51.375,0.249
2020-03-20 01:19:25.746457,51.325,51.364,0.176
2020-03-20 01:20:22.990467,51.363,51.423,0.145
2020-03-20 01:21:20.238443,51.354,51.386,0.304
2020-03-20 01:22:17.482457,51.359,51.424,0.105
2020-03-20 01:23:14.726449,51.344,51.378,0.304
2020-03-20 01:24:11.970488,51.330,51.384,0.249
2020-03-20 01:25:09.214421,51.366,51.399,0.144
2020-03-20 01:26:06.458446,51.349,51.413,0.178
2020-03-20 01:27:03.702474,51.345,51.373,0.268
2020-03-20 01:28:00.946531,51.353,51.384,0.268
2020-03-20 01:28:58.190423,51.353,51.382,0.304
2020-03-20 01:29:55.434435,51.322,51.356,0.145
2020-03-20 01:30:52.678438,51.328,51.369,0.023
2020-03-20 01:31:49.922600,51.352,51.387,0.250
2020-03-20 01:32:47.158434,51.362,51.397,0.027
2020-03-20 01:33:44.402527,51.347,51.364,0.176
2020-03-20 01:34:41.646495,51.341,51.368,0.227
2020-03-20 01:35:38.868090,51.356,51.382,0.248
2020-03-20 01:36:36.110426,51.371,51.440,0.146
2020-03-20 01:37:33.354437,51.336,51.363,0.227
2020-03-20 01:38:30.602440,51.352,51.385,0.145
2020-03-20 01:39:27.846470,51.355,51.393,0.104
2020-03-20 01:40:25.078400,51.343,51.377,0.227
2020-03-20 01:41:22.322425,51.342,51.385,0.177
2020-03-20 01:42:19.718501,51.361,51.409,0.145
2020-03-20 01:43:16.962507,51.350,51.384,0.304
2020-03-20 01:44:14.322430,51.327,51.345,0.143
2020-03-20 01:45:11.562469,51.344,51.364,0.103
2020-03-20 01:46:08.806402,51.343,51.373,0.144
2020-03-20 01:47:06.042431,51.354,51.379,0.304
2020-03-20 01:48:03.286423,51.341,51.373,0.227
2020-03-20 01:49:00.530436,51.356,51.425,0.228
2020-03-20 01:49:57.774435,51.355,51.384,0.248
2020-03-20 01:50:55.018433,51.328,51.340,0.175
2020-03-20 01:51:52.262447,51.334,51.366,0.025
2020-03-20 01:52:49.506464,51.342,51.374,0.145
2020-03-20 01:53:46.750453,51.361,51.426,0.106
2020-03-20 01:54:43.994407,51.329,51.363,0.143
2020-03-20 01:55:41.238417,51.341,51.383,0.177
2020-03-20 01:56:38.482423,51.347,51.380,0.102
2020-03-20 01:57:35.726477,51.339,51.384,0.203
2020-03-20 01:58:32.970520,51.342,51.381,0.105
2020-03-20 01:59:30.214445,51.358,51.423,0.229
2020-03-20 02:00:27.458458,51.349,51.396,0.287
2020-03-20 02:01:24.702399,51.321,51.348,0.101
2020-03-20 02:02:21.946426,51.347,51.384,0.104
2020-03-20 02:03:19.190470,51.348,51.392,0.228
2020-03-20 02:04:16.434406,51.351,51.383,0.287
2020-03-20 02:05:13.678472,51.350,51.368,0.268
2020-03-20 02:06:10.922457,51.358,51.376,0.143
2020-03-20 02:07:08.158463,51.342,51.370,0.103
2020-03-20 02:08:05.402565,51.337,51.367,0.177
2020-03-20 02:09:02.646448,51.358,51.400,0.249
2020-03-20 02:09:59.890506,51.361,51.391,0.287
2020-03-20 02:10:57.134505,51.343,51.381,0.287
2020-03-20 02:11:54.378452,51.339,51.363,0.203
2020-03-20 02:12:51.622434,51.348,51.382,0.204
2020-03-20 02:13:48.866434,51.334,51.382,0.104
2020-03-20 02:14:46.106433,51.344,51.402,0.229
2020-03-20 02:15:43.350439,51.333,51.372,0.145
2020-03-20 02:16:40.594421,51.345,51.402,0.032
2020-03-20 02:17:37.838460,51.345,51.371,0.177
2020-03-20 02:18:35.070428,51.345,51.377,0.018
2020-03-20 02:19:32.314444,51.364,51.381,0.102
2020-03-20 02:20:29.558448,51.330,51.363,0.287
2020-03-20 02:21:26.802444,51.352,51.383,0.204
2020-03-20 02:22:24.026449,51.348,51.384,0.249
2020-03-20 02:23:21.270435,51.347,51.365,0.304
2020-03-20 02:24:18.514400,51.345,51.374,0.249
2020-03-20 02:25:15.758486,51.358,51.397,0.029
2020-03-20 02:26:13.002529,51.370,51.421,0.033
2020-03-20 02:27:10.246478,51.344,51.371,0.144
2020-03-20 02:28:07.490446,51.347,51.387,0.269
2020-03-20 02:29:04.734417,51.368,51.401,0.304
2020-03-20 02:30:01.972124,51.339,51.365,0.248
2020-03-20 02:30:59.214412,51.347,51.378,0.145
2020-03-20 02:31:56.458417,51.348,51.402,0.028
2020-03-20 02:32:53.700805,51.345,51.380,0.287
2020-03-20 02:33:50.942480,51.338,51.384,0.305
2020-03-20 02:34:48.178531,51.348,51.383,0.287
2020-03-20 02:35:45.422575,51.364,51.414,0.105
2020-03-20 02:36:42.666465,51.336,51.387,0.227
2020-03-20 02:37:39.910515,51.358,51.364,0.304
2020-03-20 02:38:37.150393,51.359,51.380,0.304
2020-03-20 02:39:34.394408,51.356,51.386,0.269
2020-03-20 02:40:31.638467,51.325,51.336,0.008
2020-03-20 02:41:28.882410,51.348,51.381,0.026
2020-03-20 02:42:26.126436,51.367,51.414,0.288
2020-03-20 02:43:23.370462,51.324,51.344,0.101
2020-03-20 02:44:20.614439,51.352,51.385,0.227
2020-03-20 02:45:17.858478,51.341,51.380,0.269
2020-03-20 02:46:15.102437,51.355,51.403,0.228
2020-03-20 02:47:12.346456,51.331,51.366,0.304
2020-03-20 02:48:09.594485,51.354,51.370,0.102
2020-03-20 02:49:06.838480,51.352,51.408,0.229
2020-03-20 02:50:04.070461,51.347,51.384,0.177
2020-03-20 02:51:01.314462,51.326,51.370,0.176
2020-03-20 02:51:58.562463,51.362,51.387,0.248
2020-03-20 02:52:55.806473,51.378,51.426,0.106
2020-03-20 02:53:53.042443,51.334,51.367,0.248
2020-03-20 02:54:50.286457,51.355,51.370,0.268
2020-03-20 02:55:47.530522,51.361,51.386,0.011
2020-03-20 02:56:44.774442,51.349,51.388,0.028
2020-03-20 02:57:42.018458,51.336,51.361,0.176
2020-03-20 02:58:39.262457,51.340,51.381,0.228
2020-03-20 02:59:36.506566,51.373,51.406,0.178
2020-03-20 03:00:33.750579,51.341,51.377,0.144
2020-03-20 03:01:30.994487,51.340,51.383,0.287
2020-03-20 03:02:28.242524,51.346,51.388,0.177
2020-03-20 03:03:25.486446,51.352,51.402,0.022
2020-03-20 03:04:22.730433,51.331,51.363,0.227
2020-03-20 03:05:19.974442,51.349,51.369,0.286
2020-03-20 03:06:17.218548,51.355,51.411,0.204
2020-03-20 03:07:14.462446,51.342,51.359,0.268
2020-03-20 03:08:11.706447,51.345,51.382,0.177
2020-03-20 03:09:08.950399,51.352,51.389,0.288
2020-03-20 03:10:06.188096,51.350,51.382,0.144
2020-03-20 03:11:03.430410,51.357,51.415,0.105
2020-03-20 03:12:00.674494,51.351,51.378,0.144
2020-03-20 03:12:57.918484,51.332,51.381,0.204
2020-03-20 03:13:55.154413,51.356,51.371,0.011
2020-03-20 03:14:52.398509,51.336,51.364,0.287
2020-03-20 03:15:49.642445,51.358,51.423,0.146
2020-03-20 03:16:46.886465,51.364,51.384,0.287
2020-03-20 03:17:44.130455,51.344,51.385,0.103
2020-03-20 03:18:41.374455,51.363,51.389,0.287
2020-03-20 03:19:38.618432,51.340,51.364,0.176
2020-03-20 03:20:35.862439,51.354,51.377,0.101
2020-03-20 03:21:33.102443,51.349,51.392,0.287
2020-03-20 03:22:30.346438,51.326,51.366,0.144
2020-03-20 03:23:27.590443,51.349,51.385,0.227
2020-03-20 03:24:24.834407,51.361,51.414,0.028
2020-03-20 03:25:22.066454,51.347,51.407,0.034
2020-03-20 03:26:19.310428,51.334,51.385,0.269
2020-03-20 03:27:16.554405,51.355,51.376,0.176
2020-03-20 03:28:13.798444,51.342,51.394,0.177
2020-03-20 03:29:11.034456,51.353,51.382,0.104
2020-03-20 03:30:08.278436,51.330,51.376,0.304
2020-03-20 03:31:05.522590,51.352,51.385,0.248
2020-03-20 03:32:02.766430,51.362,51.408,0.147
2020-03-20 03:33:00.010452,51.333,51.344,0.268
2020-03-20 03:33:57.250451,51.371,51.387,0.143
2020-03-20 03:34:54.494419,51.364,51.403,0.203
2020-03-20 03:35:51.738471,51.347,51.387,0.104
2020-03-20 03:36:48.986415,51.356,51.381,0.144
2020-03-20 03:37:46.230465,51.361,51.380,0.304
2020-03-20 03:38:43.474477,51.368,51.396,0.104
2020-03-20 03:39:40.718510,51.321,51.347,0.202
2020-03-20 03:40:37.966445,51.357,51.383,0.103
2020-03-20 03:41:35.210433,51.365,51.408,0.228
2020-03-20 03:42:32.454418,51.365,51.396,0.269
2020-03-20 03:43:29.774479,51.335,51.366,0.176
2020-03-20 03:44:27.018472,51.357,51.381,0.144
2020-03-20 03:45:24.262455,51.350,51.365,0.009
2020-03-20 03:46:21.506570,51.328,51.356,0.268
2020-03-20 03:47:18.750443,51.324,51.353,0.144
2020-03-20 03:48:15.994412,51.342,51.376,0.269
2020-03-20 03:49:13.238551,51.353,51.401,0.269
2020-03-20 03:50:10.482410,51.326,51.361,0.203
2020-03-20 03:51:07.726451,51.346,51.374,0.144
2020-03-20 03:52:04.970461,51.348,51.391,0.025
2020-03-20 03:53:02.214451,51.332,51.384,0.145
2020-03-20 03:53:59.458459,51.337,51.367,0.249
2020-03-20 03:54:56.702395,51.350,51.381,0.268
2020-03-20 03:55:53.946440,51.337,51.367,0.014
2020-03-20 03:56:51.190441,51.325,51.345,0.101
2020-03-20 03:57:48.434470,51.359,51.397,0.176
2020-03-20 03:58:45.678437,51.357,51.389,0.176
2020-03-20 03:59:42.922463,51.346,51.369,0.176
2020-03-20 04:00:40.154505,51.348,51.390,0.145
2020-03-20 04:01:37.398567,51.353,51.379,0.268
2020-03-20 04:02:34.642456,51.339,51.362,0.286
2020-03-20 04:03:31.886446,51.339,51.374,0.203
2020-03-20 04:04:29.134560,51.346,51.372,0.203
2020-03-20 04:05:26.352113,51.340,51.369,0.145
2020-03-20 04:06:23.594480,51.336,51.366,0.304
2020-03-20 04:07:20.838426,51.330,51.382,0.203
2020-03-20 04:08:18.070404,51.354,51.383,0.287
2020-03-20 04:09:15.314439,51.342,51.382,0.106
2020-03-20 04:10:12.558405,51.353,51.382,0.248
2020-03-20 04:11:09.802456,51.342,51.365,0.102
2020-03-20 04:12:07.026415,51.330,51.376,0.022
2020-03-20 04:13:04.270484,51.351,51.389,0.305
2020-03-20 04:14:01.514521,51.336,51.353,0.012
2020-03-20 04:14:58.758445,51.344,51.363,0.287
2020-03-20 04:15:56.002456,51.333,51.356,0.248
2020-03-20 04:16:53.246470,51.342,51.382,0.176
2020-03-20 04:17:50.472269,51.339,51.398,0.305
2020-03-20 04:18:47.714519,51.343,51.401,0.305
2020-03-20 04:19:44.958506,51.353,51.382,0.102
2020-03-20 04:20:42.202485,51.348,51.372,0.268
2020-03-20 04:21:39.446456,51.341,51.369,0.021
2020-03-20 04:22:36.690519,51.323,51.356,0.144
2020-03-20 04:23:33.934487,51.340,51.352,0.286
2020-03-20 04:24:31.170471,56.051,64.427,4.885
2020-03-20 04:25:28.418519,51.333,51.375,0.144
2020-03-20 04:26:25.652085,51.347,51.372,0.102
2020-03-20 04:27:22.894433,51.337,51.351,0.304
2020-03-20 04:28:20.138428,51.343,51.371,0.287
2020-03-20 04:29:17.386440,51.326,51.370,0.304
2020-03-20 04:30:14.630470,51.358,51.397,0.249
2020-03-20 04:31:11.874462,51.361,51.392,0.145
2020-03-20 04:32:09.118413,51.321,51.337,0.143
2020-03-20 04:33:06.362449,51.339,51.372,0.304
2020-03-20 04:34:03.606488,51.361,51.392,0.287
2020-03-20 04:35:00.850434,51.376,51.460,0.039
2020-03-20 04:35:58.090454,51.324,51.342,0.226
2020-03-20 04:36:55.334480,51.348,51.383,0.203
2020-03-20 04:37:52.578426,51.354,51.412,0.177
2020-03-20 04:38:49.822484,51.322,51.346,0.013
2020-03-20 04:39:47.058443,51.327,51.359,0.304
2020-03-20 04:40:44.302467,51.355,51.393,0.287
2020-03-20 04:41:41.546479,51.361,51.415,0.270
2020-03-20 04:42:38.790504,51.327,51.375,0.269
2020-03-20 04:43:36.004127,51.339,51.369,0.145
2020-03-20 04:44:33.246467,51.338,51.370,0.304
2020-03-20 04:45:30.490516,51.351,51.405,0.105
2020-03-20 04:46:27.738450,51.335,51.388,0.032
2020-03-20 04:47:24.982447,51.364,51.405,0.144
2020-03-20 04:48:22.226480,51.352,51.384,0.204
2020-03-20 04:49:19.470478,51.329,51.363,0.175
2020-03-20 04:50:16.714444,51.340,51.369,0.144
2020-03-20 04:51:13.958510,51.356,51.414,0.288
2020-03-20 04:52:11.202458,51.343,51.366,0.144
2020-03-20 04:53:08.446493,51.341,51.367,0.203
2020-03-20 04:54:05.690437,51.344,51.384,0.268
2020-03-20 04:55:02.934457,51.340,51.379,0.304
2020-03-20 04:56:00.170426,51.339,51.370,0.176
2020-03-20 04:56:57.414434,51.345,51.369,0.103
2020-03-20 04:57:54.658417,51.358,51.379,0.017
2020-03-20 04:58:51.902485,51.336,51.371,0.102
2020-03-20 04:59:49.146411,51.329,51.372,0.144
2020-03-20 05:00:46.390453,51.358,51.369,0.248
2020-03-20 05:01:43.634474,51.351,51.419,0.029
2020-03-20 05:02:40.886435,51.335,51.368,0.176
2020-03-20 05:03:38.130437,51.330,51.367,0.287
2020-03-20 05:04:35.374444,51.360,51.404,0.287
2020-03-20 05:05:32.618402,51.329,51.365,0.287
2020-03-20 05:06:29.862452,51.325,51.346,0.143
2020-03-20 05:07:27.110428,51.342,51.373,0.287
2020-03-20 05:08:24.354434,51.332,51.375,0.025
2020-03-20 05:09:21.602456,51.339,51.385,0.305
2020-03-20 05:10:18.846487,51.339,51.379,0.104
2020-03-20 05:11:16.078447,51.361,51.383,0.287
2020-03-20 05:12:13.322442,51.343,51.369,0.176
2020-03-20 05:13:10.566461,51.343,51.363,0.248
2020-03-20 05:14:07.810435,51.360,51.379,0.304
2020-03-20 05:15:05.042391,51.329,51.353,0.268
2020-03-20 05:16:02.286418,51.344,51.371,0.248
2020-03-20 05:16:59.530430,51.355,51.425,0.288
2020-03-20 05:17:56.774454,51.364,51.379,0.175
2020-03-20 05:18:54.004081,51.351,51.365,0.286
2020-03-20 05:19:51.246450,51.344,51.382,0.287
2020-03-20 05:20:48.490481,51.367,51.385,0.010
2020-03-20 05:21:45.734469,51.329,51.370,0.304
2020-03-20 05:22:42.974473,51.362,51.401,0.248
2020-03-20 05:23:40.218441,51.378,51.409,0.145
2020-03-20 05:24:37.462441,51.347,51.374,0.203
2020-03-20 05:25:34.706481,51.344,51.377,0.144
2020-03-20 05:26:31.954493,51.357,51.386,0.144
2020-03-20 05:27:29.198426,51.366,51.421,0.305
2020-03-20 05:28:26.442443,51.331,51.374,0.022
2020-03-20 05:29:23.690472,51.367,51.402,0.103
2020-03-20 05:30:20.934438,51.371,51.412,0.249
2020-03-20 05:31:18.156088,51.356,51.388,0.144
2020-03-20 05:32:15.398443,51.341,51.364,0.203
2020-03-20 05:33:12.642422,51.356,51.381,0.227
2020-03-20 05:34:09.886401,51.381,51.411,0.268
2020-03-20 05:35:07.130428,51.354,51.388,0.269
2020-03-20 05:36:04.374449,51.351,51.378,0.019
2020-03-20 05:37:01.618478,51.352,51.379,0.227
2020-03-20 05:37:58.862462,51.356,51.402,0.287
2020-03-20 05:38:56.106439,51.331,51.372,0.176
2020-03-20 05:39:53.350443,51.365,51.419,0.227
2020-03-20 05:40:50.598477,51.377,51.410,0.249
2020-03-20 05:41:47.842448,51.340,51.373,0.227
2020-03-20 05:42:45.074414,51.361,51.378,0.176
2020-03-20 05:43:42.318456,51.356,51.386,0.017
2020-03-20 05:44:39.562453,51.356,51.433,0.230
2020-03-20 05:45:36.806402,51.349,51.384,0.249
2020-03-20 05:46:34.042434,51.353,51.372,0.176
2020-03-20 05:47:31.286435,51.382,51.418,0.305
2020-03-20 05:48:28.530473,51.342,51.361,0.101
2020-03-20 05:49:25.778450,51.345,51.384,0.145
2020-03-20 05:50:23.004085,51.370,51.403,0.177
2020-03-20 05:51:20.246432,51.356,51.425,0.146
2020-03-20 05:52:17.490460,51.354,51.410,0.146
2020-03-20 05:53:14.734468,51.371,51.415,0.304
2020-03-20 05:54:11.978493,51.366,51.401,0.176
2020-03-20 05:55:09.222420,51.349,51.382,0.103
2020-03-20 05:56:06.466469,51.341,51.369,0.144
2020-03-20 05:57:03.710483,51.359,51.408,0.204
2020-03-20 05:58:00.954480,51.345,51.372,0.022
2020-03-20 05:58:58.198434,51.350,51.383,0.249
2020-03-20 05:59:55.442442,51.354,51.376,0.287
2020-03-20 06:00:52.690437,51.350,51.401,0.178
2020-03-20 06:01:49.934492,51.352,51.386,0.227
2020-03-20 06:02:47.170449,51.360,51.423,0.229
2020-03-20 06:03:44.414470,51.361,51.382,0.176
2020-03-20 06:04:41.658457,51.348,51.375,0.287
2020-03-20 06:05:38.902484,51.352,51.364,0.143
2020-03-20 06:06:36.142449,51.364,51.407,0.268
2020-03-20 06:07:33.386456,51.356,51.403,0.177
2020-03-20 06:08:30.630461,51.356,51.381,0.102
2020-03-20 06:09:27.874508,51.375,51.416,0.269
2020-03-20 06:10:25.118420,51.364,51.386,0.304
2020-03-20 06:11:22.362437,51.325,51.371,0.176
2020-03-20 06:12:19.606458,51.380,51.417,0.103
2020-03-20 06:13:16.850545,51.357,51.420,0.228
2020-03-20 06:14:14.072184,51.335,51.383,0.104
2020-03-20 06:15:11.314456,51.359,51.381,0.287
2020-03-20 06:16:08.558428,51.343,51.363,0.304
2020-03-20 06:17:05.802612,51.365,51.426,0.287
2020-03-20 06:18:03.042448,51.343,51.378,0.204
2020-03-20 06:19:00.286519,51.351,51.394,0.268
2020-03-20 06:19:57.530463,51.371,51.405,0.176
2020-03-20 06:20:54.774461,51.332,51.376,0.144
2020-03-20 06:21:52.018504,51.353,51.378,0.176
2020-03-20 06:22:49.262429,51.381,51.423,0.177
2020-03-20 06:23:46.510429,51.369,51.397,0.203
2020-03-20 06:24:43.754426,51.354,51.376,0.175
2020-03-20 06:25:40.998425,51.361,51.375,0.202
2020-03-20 06:26:38.242443,51.365,51.416,0.250
2020-03-20 06:27:35.486499,51.350,51.373,0.249
2020-03-20 06:28:32.730520,51.357,51.375,0.009
2020-03-20 06:29:29.974666,51.378,51.425,0.229
2020-03-20 06:30:27.218472,51.362,51.398,0.305
2020-03-20 06:31:24.462440,51.339,51.371,0.103
2020-03-20 06:32:21.706473,51.355,51.367,0.268
2020-03-20 06:33:18.950450,51.372,51.405,0.228
2020-03-20 06:34:16.194483,51.378,51.407,0.176
2020-03-20 06:35:13.438449,51.358,51.376,0.286
2020-03-20 06:36:10.682487,51.368,51.393,0.144
2020-03-20 06:37:07.926478,51.379,51.417,0.203
2020-03-20 06:38:05.162456,51.326,51.345,0.175
2020-03-20 06:39:02.406487,51.371,51.412,0.269
2020-03-20 06:39:59.650504,51.380,51.419,0.103
2020-03-20 06:40:56.894436,51.343,51.401,0.104
2020-03-20 06:41:54.146449,51.369,51.387,0.202
2020-03-20 06:42:51.390477,51.348,51.376,0.287
2020-03-20 06:43:48.634470,51.377,51.422,0.149
2020-03-20 06:44:45.878516,51.365,51.405,0.204
2020-03-20 06:45:43.122452,51.358,51.385,0.144
2020-03-20 06:46:40.366433,51.378,51.406,0.103
2020-03-20 06:47:37.599655,51.342,51.374,0.286
2020-03-20 06:48:34.842441,51.331,51.380,0.203
2020-03-20 06:49:32.074523,51.379,51.426,0.227
2020-03-20 06:50:29.318424,51.355,51.402,0.249
2020-03-20 06:51:26.562436,51.352,51.409,0.228
2020-03-20 06:52:23.806427,51.350,51.388,0.227
2020-03-20 06:53:21.038429,51.359,51.421,0.177
2020-03-20 06:54:18.282435,51.351,51.381,0.102
2020-03-20 06:55:15.526454,51.348,51.394,0.305
2020-03-20 06:56:12.770458,51.362,51.396,0.176
2020-03-20 06:57:10.014483,51.352,51.410,0.305
2020-03-20 06:58:07.258461,51.352,51.408,0.249
2020-03-20 06:59:04.502529,51.348,51.379,0.021
2020-03-20 07:00:01.746379,51.372,51.424,0.288
2020-03-20 07:00:58.990459,51.365,51.396,0.249
2020-03-20 07:01:56.234501,51.369,51.398,0.103
2020-03-20 07:02:53.478502,51.363,51.379,0.286
2020-03-20 07:03:50.722430,51.348,51.413,0.106
2020-03-20 07:04:47.966438,51.350,51.372,0.144
2020-03-20 07:05:45.210458,51.358,51.396,0.104
2020-03-20 07:06:42.454519,51.351,51.379,0.227
2020-03-20 07:07:39.698466,51.346,51.381,0.305
2020-03-20 07:08:36.942383,51.357,51.386,0.203
2020-03-20 07:09:34.178467,51.365,51.382,0.268
2020-03-20 07:10:31.422449,51.321,51.335,0.226
2020-03-20 07:11:28.660085,51.369,51.409,0.205
2020-03-20 07:12:25.902473,51.358,51.403,0.269
2020-03-20 07:13:23.142447,51.372,51.414,0.249
2020-03-20 07:14:20.386487,51.347,51.385,0.287
2020-03-20 07:15:17.630504,51.347,51.365,0.203
2020-03-20 07:16:14.874473,51.383,51.412,0.249
2020-03-20 07:17:12.118428,51.362,51.415,0.269
2020-03-20 07:18:09.362433,51.365,51.406,0.304
2020-03-20 07:19:06.606452,51.381,51.417,0.146
2020-03-20 07:20:03.850436,51.357,51.385,0.304
2020-03-20 07:21:01.090396,51.341,51.371,0.248
2020-03-20 07:21:58.334436,51.385,51.415,0.203
2020-03-20 07:22:55.578433,51.380,51.419,0.203
2020-03-20 07:23:52.822420,51.346,51.385,0.025
2020-03-20 07:24:50.058441,51.361,51.380,0.012
2020-03-20 07:25:47.302436,51.352,51.393,0.287
2020-03-20 07:26:44.546404,51.362,51.422,0.305
2020-03-20 07:27:41.790472,51.362,51.381,0.248
2020-03-20 07:28:39.004120,51.375,51.419,0.305
2020-03-20 07:29:36.246424,51.369,51.401,0.145
2020-03-20 07:30:33.490428,51.328,51.382,0.018
2020-03-20 07:31:30.738439,51.356,51.370,0.226
2020-03-20 07:32:27.982415,51.361,51.406,0.305
2020-03-20 07:33:25.226415,51.372,51.451,0.306
2020-03-20 07:34:22.470444,51.339,51.369,0.203
2020-03-20 07:35:19.714458,51.358,51.385,0.268
2020-03-20 07:36:16.958416,51.391,51.422,0.249
2020-03-20 07:37:14.202428,51.338,51.355,0.286
2020-03-20 07:38:11.446423,51.374,51.405,0.227
2020-03-20 07:39:08.690420,51.382,51.419,0.269
2020-03-20 07:40:05.934468,51.339,51.367,0.287
2020-03-20 07:41:03.166429,51.348,51.381,0.144
2020-03-20 07:42:00.410452,51.357,51.376,0.011
2020-03-20 07:42:57.654454,51.351,51.377,0.269
2020-03-20 07:43:54.898477,51.375,51.407,0.287
2020-03-20 07:44:52.142442,51.364,51.373,0.202
2020-03-20 07:45:49.386434,51.361,51.409,0.228
2020-03-20 07:46:46.630439,51.343,51.372,0.304
2020-03-20 07:47:43.874459,51.339,51.369,0.286
2020-03-20 07:48:41.118421,51.376,51.414,0.102
2020-03-20 07:49:38.362424,51.390,51.405,0.203
2020-03-20 07:50:35.606453,51.356,51.397,0.144
2020-03-20 07:51:32.850415,51.357,51.376,0.143
2020-03-20 07:52:30.090439,51.368,51.387,0.102
2020-03-20 07:53:27.334443,51.349,51.369,0.203
2020-03-20 07:54:24.578389,51.376,51.413,0.304
2020-03-20 07:55:21.822475,51.375,51.404,0.248
2020-03-20 07:56:19.058411,51.377,51.408,0.177
2020-03-20 07:57:16.302447,51.346,51.372,0.287
2020-03-20 07:58:13.546466,51.355,51.401,0.203
2020-03-20 07:59:10.790457,51.366,51.403,0.204
2020-03-20 08:00:08.004122,51.355,51.374,0.203
2020-03-20 08:01:05.246408,51.368,51.425,0.106
2020-03-20 08:02:02.490437,51.358,51.382,0.227
2020-03-20 08:02:59.734454,51.350,51.372,0.011
2020-03-20 08:03:56.966426,51.349,51.369,0.014
2020-03-20 08:04:54.210409,51.360,51.407,0.205
2020-03-20 08:05:51.454452,51.387,51.425,0.227
2020-03-20 08:06:48.698415,51.349,51.373,0.304
2020-03-20 08:07:45.942402,51.347,51.387,0.176
2020-03-20 08:08:43.178417,51.373,51.398,0.227
2020-03-20 08:09:40.422446,51.340,51.364,0.102
2020-03-20 08:10:37.666443,51.359,51.396,0.176
2020-03-20 08:11:34.910461,51.365,51.401,0.204
2020-03-20 08:12:32.150423,51.359,51.375,0.227
2020-03-20 08:13:29.394428,51.353,51.377,0.268
2020-03-20 08:14:26.638469,51.357,51.383,0.268
2020-03-20 08:15:23.882420,51.358,51.405,0.249
2020-03-20 08:16:21.134396,51.352,51.397,0.177
2020-03-20 08:17:18.386453,51.352,51.384,0.227
2020-03-20 08:18:15.630473,51.365,51.394,0.144
2020-03-20 08:19:12.874425,51.365,51.390,0.304
2020-03-20 08:20:10.118452,51.331,51.383,0.304
2020-03-20 08:21:07.358468,51.378,51.406,0.145
2020-03-20 08:22:04.602419,51.374,51.413,0.177
2020-03-20 08:23:01.898455,51.334,51.363,0.248
2020-03-20 08:23:59.138448,51.361,51.375,0.102
2020-03-20 08:24:56.382447,51.362,51.405,0.103
2020-03-20 08:25:53.626469,51.384,51.406,0.176
2020-03-20 08:26:50.870452,51.337,51.372,0.177
2020-03-20 08:27:48.110447,51.354,51.388,0.176
2020-03-20 08:28:45.354460,51.378,51.406,0.022
2020-03-20 08:29:42.598461,51.348,51.423,0.305
2020-03-20 08:30:39.842494,51.351,51.384,0.176
2020-03-20 08:31:37.074440,51.357,51.412,0.145
2020-03-20 08:32:34.318411,51.365,51.409,0.250
2020-03-20 08:33:31.562465,51.347,51.365,0.249
2020-03-20 08:34:28.806483,51.361,51.406,0.176
2020-03-20 08:35:26.020076,51.376,51.408,0.145
2020-03-20 08:36:23.262442,51.346,51.384,0.287
2020-03-20 08:37:20.506475,51.357,51.377,0.248
2020-03-20 08:38:17.750460,51.378,51.418,0.249
2020-03-20 08:39:14.998464,51.372,51.413,0.287
2020-03-20 08:40:12.242434,51.333,51.372,0.176
2020-03-20 08:41:09.486409,51.360,51.395,0.144
2020-03-20 08:42:06.730428,51.354,51.375,0.304
2020-03-20 08:43:03.974420,51.357,51.399,0.304
2020-03-20 08:44:01.222416,51.356,51.377,0.176
2020-03-20 08:44:58.466408,51.370,51.380,0.268
2020-03-20 08:45:55.710442,51.371,51.418,0.146
2020-03-20 08:46:52.954390,51.347,51.367,0.248
2020-03-20 08:47:50.194435,51.341,51.371,0.268
2020-03-20 08:48:47.438429,51.355,51.394,0.304
2020-03-20 08:49:44.682393,51.345,51.376,0.102
2020-03-20 08:50:41.926437,51.358,51.427,0.228
2020-03-20 08:51:39.162428,51.360,51.379,0.304
2020-03-20 08:52:36.406420,51.341,51.376,0.287
2020-03-20 08:53:33.650421,51.363,51.389,0.204
2020-03-20 08:54:30.894388,51.358,51.382,0.175
2020-03-20 08:55:28.138433,51.384,51.424,0.249
2020-03-20 08:56:25.382409,51.355,51.369,0.176
2020-03-20 08:57:22.626409,51.344,51.371,0.268
2020-03-20 08:58:19.870446,51.359,51.380,0.268
2020-03-20 08:59:17.114399,51.336,51.371,0.177
2020-03-20 09:00:14.358395,51.349,51.400,0.145
2020-03-20 09:01:11.602429,51.346,51.373,0.176
2020-03-20 09:02:08.846367,51.362,51.380,0.175
2020-03-20 09:03:06.078401,51.347,51.369,0.227
2020-03-20 09:04:03.322425,51.338,51.377,0.146
2020-03-20 09:05:00.566404,51.362,51.443,0.288
2020-03-20 09:05:57.810454,51.345,51.392,0.304
2020-03-20 09:06:55.050406,51.352,51.390,0.144
2020-03-20 09:07:52.294402,51.371,51.404,0.304
2020-03-20 09:08:49.538401,51.355,51.381,0.248
2020-03-20 09:09:46.782444,51.337,51.389,0.287
2020-03-20 09:10:44.004124,51.366,51.410,0.249
2020-03-20 09:11:41.246404,51.371,51.398,0.268
2020-03-20 09:12:38.490443,51.336,51.370,0.227
2020-03-20 09:13:35.734450,51.354,51.379,0.248
2020-03-20 09:14:32.978436,51.349,51.367,0.304
2020-03-20 09:15:30.222383,51.360,51.412,0.105
2020-03-20 09:16:27.466418,51.361,51.374,0.016
2020-03-20 09:17:24.714395,51.362,51.398,0.268
2020-03-20 09:18:21.958458,51.380,51.409,0.227
2020-03-20 09:19:19.202431,51.324,51.331,0.268
2020-03-20 09:20:16.446415,51.348,51.399,0.029
2020-03-20 09:21:13.690434,51.376,51.416,0.204
2020-03-20 09:22:10.938433,51.371,51.394,0.177
2020-03-20 09:23:08.174414,51.350,51.386,0.104
2020-03-20 09:24:05.418428,51.355,51.386,0.304
2020-03-20 09:25:02.662443,51.364,51.411,0.177
2020-03-20 09:25:59.906444,51.357,51.420,0.105
2020-03-20 09:26:57.146386,51.356,51.371,0.102
2020-03-20 09:27:54.390444,51.373,51.425,0.204
2020-03-20 09:28:51.634423,51.347,51.396,0.305
2020-03-20 09:29:48.878423,51.327,51.372,0.227
2020-03-20 09:30:46.118423,51.357,51.379,0.102
2020-03-20 09:31:43.362429,51.370,51.418,0.305
2020-03-20 09:32:40.610398,51.348,51.375,0.304
2020-03-20 09:33:37.854408,51.359,51.380,0.102
2020-03-20 09:34:35.094369,51.353,51.376,0.268
2020-03-20 09:35:32.338451,51.338,51.358,0.226
2020-03-20 09:36:29.582394,51.341,51.406,0.104
2020-03-20 09:37:26.826427,51.364,51.414,0.229
2020-03-20 09:38:24.062381,51.369,51.425,0.179
2020-03-20 09:39:21.306387,51.337,51.364,0.203
2020-03-20 09:40:18.550378,51.367,51.384,0.202
2020-03-20 09:41:15.794518,51.355,51.381,0.203
2020-03-20 09:42:13.034429,51.335,51.368,0.287
2020-03-20 09:43:10.282369,51.373,51.395,0.144
2020-03-20 09:44:07.526387,51.357,51.369,0.248
2020-03-20 09:45:04.770383,51.368,51.419,0.288
2020-03-20 09:46:01.992127,51.341,51.365,0.287
2020-03-20 09:46:59.234424,51.329,51.344,0.143
2020-03-20 09:47:56.478405,51.373,51.415,0.249
2020-03-20 09:48:53.722392,51.349,51.385,0.248
2020-03-20 09:49:50.966405,51.361,51.422,0.269
2020-03-20 09:50:48.210378,51.365,51.382,0.268
2020-03-20 09:51:45.454518,51.350,51.376,0.304
2020-03-20 09:52:42.698416,51.354,51.388,0.203
2020-03-20 09:53:39.942423,51.364,51.398,0.304
2020-03-20 09:54:37.182389,51.380,51.422,0.177
2020-03-20 09:55:34.426373,51.358,51.385,0.248
2020-03-20 09:56:31.670430,51.345,51.365,0.268
2020-03-20 09:57:28.914405,51.355,51.387,0.177
2020-03-20 09:58:26.154413,51.364,51.417,0.229
2020-03-20 09:59:23.398458,51.370,51.402,0.144
2020-03-20 10:00:20.642382,51.369,51.411,0.145
2020-03-20 10:01:17.886442,51.349,51.382,0.287
2020-03-20 10:02:15.130466,51.350,51.380,0.269
2020-03-20 10:03:12.374435,51.354,51.381,0.226
2020-03-20 10:04:09.618437,51.357,51.398,0.249
2020-03-20 10:05:06.862423,51.346,51.423,0.229
2020-03-20 10:06:04.106440,51.348,51.375,0.176
2020-03-20 10:07:01.350428,51.357,51.378,0.203
2020-03-20 10:07:58.594425,51.361,51.379,0.143
2020-03-20 10:08:55.838404,51.333,51.375,0.104
2020-03-20 10:09:53.070530,51.371,51.421,0.305
2020-03-20 10:10:50.314460,51.368,51.419,0.269
2020-03-20 10:11:47.558459,51.325,51.368,0.015
2020-03-20 10:12:44.802444,51.355,51.388,0.227
2020-03-20 10:13:42.038591,51.358,51.381,0.286
2020-03-20 10:14:39.282486,51.399,51.449,0.146
2020-03-20 10:15:36.534454,51.359,51.382,0.304
2020-03-20 10:16:33.778456,51.359,51.377,0.227
2020-03-20 10:17:31.022406,51.394,51.422,0.177
2020-03-20 10:18:28.266435,51.328,51.339,0.007
2020-03-20 10:19:25.510443,51.348,51.380,0.304
2020-03-20 10:20:22.754405,51.392,51.419,0.227
2020-03-20 10:21:19.998497,51.385,51.421,0.027
2020-03-20 10:22:17.242525,51.346,51.371,0.144
2020-03-20 10:23:14.486386,51.355,51.376,0.227
2020-03-20 10:24:11.730410,51.360,51.418,0.287
2020-03-20 10:25:08.974488,51.346,51.383,0.227
2020-03-20 10:26:06.218398,51.356,51.408,0.305
2020-03-20 10:27:03.462469,51.365,51.422,0.228
2020-03-20 10:28:00.710401,51.377,51.408,0.287
2020-03-20 10:28:57.954400,51.334,51.363,0.268
2020-03-20 10:29:55.210429,51.361,51.382,0.227
2020-03-20 10:30:52.454413,51.373,51.400,0.144
2020-03-20 10:31:49.698480,51.359,51.411,0.022
2020-03-20 10:32:46.942427,51.356,51.385,0.249
2020-03-20 10:33:44.178403,51.356,51.381,0.203
2020-03-20 10:34:41.422414,51.364,51.427,0.027
2020-03-20 10:35:38.666429,51.354,51.382,0.176
2020-03-20 10:36:35.910449,51.364,51.412,0.305
2020-03-20 10:37:33.150404,51.373,51.424,0.269
2020-03-20 10:38:30.394451,51.350,51.384,0.249
2020-03-20 10:39:27.638422,51.345,51.383,0.024
2020-03-20 10:40:24.860090,51.356,51.374,0.248
2020-03-20 10:41:22.102392,51.326,51.364,0.287
2020-03-20 10:42:19.346440,51.368,51.386,0.304
2020-03-20 10:43:16.594404,51.360,51.387,0.248
2020-03-20 10:44:13.838455,51.355,51.385,0.268
2020-03-20 10:45:11.070438,51.358,51.377,0.268
2020-03-20 10:46:08.314404,51.356,51.425,0.146
2020-03-20 10:47:05.558411,51.375,51.402,0.016
2020-03-20 10:48:02.802432,51.354,51.381,0.287
2020-03-20 10:49:00.034473,51.358,51.413,0.145
2020-03-20 10:49:57.278405,51.369,51.413,0.105
2020-03-20 10:50:54.522402,51.362,51.403,0.102
2020-03-20 10:51:51.766431,51.354,51.376,0.016
2020-03-20 10:52:49.010394,51.391,51.423,0.269
2020-03-20 10:53:46.232100,51.366,51.410,0.204
2020-03-20 10:54:43.474460,51.349,51.385,0.249
2020-03-20 10:55:40.718431,51.354,51.378,0.203
2020-03-20 10:56:37.962403,51.373,51.423,0.204
2020-03-20 10:57:35.206437,51.350,51.375,0.248
2020-03-20 10:58:32.450447,51.357,51.371,0.304
2020-03-20 10:59:29.694403,51.346,51.381,0.015
2020-03-20 11:00:26.938432,51.378,51.423,0.268
2020-03-20 11:01:24.174500,51.332,51.389,0.203
2020-03-20 11:02:21.418553,51.361,51.380,0.248
2020-03-20 11:03:18.662425,51.392,51.443,0.024
2020-03-20 11:04:15.906461,51.364,51.401,0.249
2020-03-20 11:05:13.150503,51.346,51.367,0.268
2020-03-20 11:06:10.392098,51.358,51.398,0.227
2020-03-20 11:07:07.634455,51.382,51.407,0.144
2020-03-20 11:08:04.878397,51.321,51.346,0.304
2020-03-20 11:09:02.118429,51.368,51.423,0.270
2020-03-20 11:09:59.362469,51.386,51.422,0.227
2020-03-20 11:10:56.606487,51.347,51.393,0.287
2020-03-20 11:11:53.850454,51.355,51.379,0.018
2020-03-20 11:12:51.086431,51.356,51.409,0.249
2020-03-20 11:13:48.330476,51.377,51.452,0.205
2020-03-20 11:14:45.574382,51.343,51.385,0.177
2020-03-20 11:15:42.818401,51.364,51.395,0.176
2020-03-20 11:16:40.050472,51.369,51.396,0.024
2020-03-20 11:17:37.294462,51.346,51.365,0.101
2020-03-20 11:18:34.538497,51.346,51.384,0.145
2020-03-20 11:19:31.782478,51.384,51.424,0.269
2020-03-20 11:20:29.026501,51.378,51.419,0.177
2020-03-20 11:21:26.270460,51.339,51.410,0.288
2020-03-20 11:22:23.514461,51.360,51.383,0.144
2020-03-20 11:23:20.758455,51.359,51.412,0.103
2020-03-20 11:24:17.992157,51.347,51.376,0.248
2020-03-20 11:25:15.234509,51.353,51.371,0.227
2020-03-20 11:26:12.478409,51.377,51.417,0.177
2020-03-20 11:27:09.722449,51.370,51.405,0.144
2020-03-20 11:28:06.966449,51.347,51.397,0.176
2020-03-20 11:29:04.210423,51.359,51.372,0.175
2020-03-20 11:30:01.454435,51.349,51.384,0.269
2020-03-20 11:30:58.706443,51.365,51.405,0.105
2020-03-20 11:31:55.950454,51.370,51.404,0.103
2020-03-20 11:32:53.194709,51.359,51.404,0.248
2020-03-20 11:33:50.438455,51.387,51.415,0.227
2020-03-20 11:34:47.690459,51.351,51.385,0.103
2020-03-20 11:35:44.934429,51.352,51.416,0.229
2020-03-20 11:36:42.156080,51.389,51.416,0.269
2020-03-20 11:37:39.398435,51.358,51.376,0.226
2020-03-20 11:38:36.642385,51.370,51.405,0.022
2020-03-20 11:39:33.886441,51.364,51.415,0.268
2020-03-20 11:40:31.130426,51.348,51.385,0.269
2020-03-20 11:41:28.374425,51.373,51.405,0.249
2020-03-20 11:42:25.618446,51.363,51.403,0.288
2020-03-20 11:43:22.862464,51.379,51.414,0.227
2020-03-20 11:44:20.102508,51.351,51.383,0.287
2020-03-20 11:45:17.346462,51.356,51.375,0.248
2020-03-20 11:46:14.590436,51.363,51.402,0.304
2020-03-20 11:47:11.834423,51.345,51.405,0.205
2020-03-20 11:48:09.066427,51.358,51.381,0.203
2020-03-20 11:49:06.310404,51.392,51.427,0.177
2020-03-20 11:50:03.554426,51.366,51.421,0.304
2020-03-20 11:51:00.798432,51.351,51.379,0.227
2020-03-20 11:51:58.034440,51.376,51.402,0.287
2020-03-20 11:52:55.278434,51.360,51.380,0.287
2020-03-20 11:53:52.522502,51.344,51.371,0.304
2020-03-20 11:54:49.766480,51.357,51.379,0.226
2020-03-20 11:55:47.010497,51.369,51.411,0.103
2020-03-20 11:56:44.254426,51.356,51.383,0.144
2020-03-20 11:57:41.498593,51.352,51.374,0.248
2020-03-20 11:58:38.742434,51.370,51.420,0.177
2020-03-20 11:59:35.986450,51.385,51.413,0.269
2020-03-20 12:00:33.230452,51.336,51.367,0.102
2020-03-20 12:01:30.474449,51.353,51.382,0.304
2020-03-20 12:02:27.718446,51.363,51.406,0.177
2020-03-20 12:03:24.962437,51.374,51.423,0.145
2020-03-20 12:04:22.206473,51.355,51.383,0.249
2020-03-20 12:05:19.450495,51.355,51.384,0.304
2020-03-20 12:06:16.694521,51.383,51.410,0.144
2020-03-20 12:07:13.946594,51.326,51.344,0.304
2020-03-20 12:08:11.190499,51.364,51.412,0.204
2020-03-20 12:09:08.434557,51.353,51.402,0.022
2020-03-20 12:10:05.678496,51.370,51.406,0.103
2020-03-20 12:11:02.922489,51.354,51.379,0.018
2020-03-20 12:12:00.156096,51.356,51.371,0.226
2020-03-20 12:12:57.398457,51.364,51.382,0.102
2020-03-20 12:13:54.642496,51.355,51.418,0.288
2020-03-20 12:14:51.886470,51.359,51.383,0.203
2020-03-20 12:15:49.138488,51.370,51.415,0.177
2020-03-20 12:16:46.382546,51.365,51.408,0.031
2020-03-20 12:17:43.626515,51.326,51.364,0.176
2020-03-20 12:18:40.870533,51.354,51.393,0.287
2020-03-20 12:19:38.114465,51.375,51.420,0.270
2020-03-20 12:20:35.358522,51.357,51.405,0.287
2020-03-20 12:21:32.602483,51.350,51.378,0.020
2020-03-20 12:22:29.846431,51.366,51.409,0.204
2020-03-20 12:23:27.090466,51.355,51.385,0.268
2020-03-20 12:24:24.334494,51.368,51.400,0.144
2020-03-20 12:25:21.578573,51.360,51.410,0.204
2020-03-20 12:26:18.822453,51.376,51.408,0.249
2020-03-20 12:27:16.058419,51.355,51.380,0.103
2020-03-20 12:28:13.302444,51.357,51.385,0.287
2020-03-20 12:29:10.546452,51.355,51.388,0.204
2020-03-20 12:30:07.790472,51.359,51.396,0.227
2020-03-20 12:31:05.004085,51.374,51.409,0.304
2020-03-20 12:32:02.246431,51.365,51.374,0.007
2020-03-20 12:32:59.490457,51.379,51.423,0.177
2020-03-20 12:33:56.734438,51.352,51.373,0.248
2020-03-20 12:34:53.972127,51.356,51.403,0.288
2020-03-20 12:35:51.214415,51.374,51.413,0.104
2020-03-20 12:36:48.458458,51.355,51.382,0.249
2020-03-20 12:37:45.702466,51.359,51.401,0.249
2020-03-20 12:38:42.946473,51.355,51.385,0.304
2020-03-20 12:39:40.190448,51.354,51.415,0.249
2020-03-20 12:40:37.434460,51.367,51.417,0.177
2020-03-20 12:41:34.678470,51.367,51.415,0.145
2020-03-20 12:42:31.922480,51.368,51.417,0.228
2020-03-20 12:43:29.158424,51.348,51.380,0.026
2020-03-20 12:44:26.402458,51.360,51.386,0.144
2020-03-20 12:45:23.646444,51.370,51.416,0.250
2020-03-20 12:46:20.890408,51.375,51.423,0.146
2020-03-20 12:47:18.134430,51.372,51.411,0.102
2020-03-20 12:48:15.378492,51.391,51.424,0.103
2020-03-20 12:49:12.630392,51.349,51.365,0.304
2020-03-20 12:50:09.874428,51.343,51.375,0.103
2020-03-20 12:51:07.122448,51.348,51.378,0.103
2020-03-20 12:52:04.374557,51.382,51.438,0.269
2020-03-20 12:53:01.618566,51.356,51.428,0.269
2020-03-20 12:53:58.862472,51.357,51.384,0.176
2020-03-20 12:54:56.099300,51.358,51.407,0.287
2020-03-20 12:55:53.342455,51.347,51.391,0.287
2020-03-20 12:56:50.586417,51.325,51.369,0.017
2020-03-20 12:57:47.830471,51.344,51.366,0.203
2020-03-20 12:58:45.062544,51.382,51.423,0.104
2020-03-20 12:59:42.306444,51.331,51.383,0.204
2020-03-20 13:00:39.554504,51.344,51.363,0.227
2020-03-20 13:01:36.798426,51.348,51.364,0.175
2020-03-20 13:02:34.034449,51.366,51.435,0.038
2020-03-20 13:03:31.278466,51.344,51.370,0.268
2020-03-20 13:04:28.522459,51.348,51.386,0.177
2020-03-20 13:05:25.766428,51.363,51.387,0.144
2020-03-20 13:06:23.010444,51.328,51.366,0.248
2020-03-20 13:07:20.254463,51.330,51.364,0.203
2020-03-20 13:08:17.498477,51.353,51.403,0.105
2020-03-20 13:09:14.742464,51.362,51.410,0.146
2020-03-20 13:10:11.986448,51.336,51.363,0.286
2020-03-20 13:11:09.230467,51.350,51.369,0.102
2020-03-20 13:12:06.474444,51.333,51.410,0.288
2020-03-20 13:13:03.714495,51.347,51.379,0.145
2020-03-20 13:14:00.958475,51.346,51.383,0.145
2020-03-20 13:14:58.202514,51.351,51.409,0.269
2020-03-20 13:15:55.446467,51.351,51.400,0.269
2020-03-20 13:16:52.690440,51.331,51.366,0.176
2020-03-20 13:17:49.934457,51.355,51.385,0.269
2020-03-20 13:18:47.170441,51.356,51.383,0.227
2020-03-20 13:19:44.414439,51.350,51.409,0.305
2020-03-20 13:20:41.658463,51.337,51.375,0.249
2020-03-20 13:21:38.902424,51.359,51.411,0.145
2020-03-20 13:22:36.146490,51.346,51.402,0.269
2020-03-20 13:23:33.390457,51.358,51.381,0.304
2020-03-20 13:24:30.634554,51.347,51.373,0.304
2020-03-20 13:25:27.878417,51.370,51.419,0.177
2020-03-20 13:26:25.122422,51.355,51.377,0.014
2020-03-20 13:27:22.366449,51.366,51.412,0.270
2020-03-20 13:28:19.610451,51.358,51.386,0.144
2020-03-20 13:29:16.854540,51.342,51.372,0.287
2020-03-20 13:30:14.098508,51.360,51.387,0.248
2020-03-20 13:31:11.342465,51.336,51.372,0.287
2020-03-20 13:32:08.586397,51.362,51.409,0.177
2020-03-20 13:33:05.830459,51.340,51.366,0.248
2020-03-20 13:34:03.062440,51.349,51.377,0.176
2020-03-20 13:35:00.306510,51.372,51.417,0.104
2020-03-20 13:35:57.550506,51.333,51.363,0.019
2020-03-20 13:36:54.794438,51.354,51.376,0.203
2020-03-20 13:37:52.034479,51.346,51.403,0.250
2020-03-20 13:38:49.278443,51.344,51.363,0.203
2020-03-20 13:39:46.522455,51.353,51.376,0.304
2020-03-20 13:40:43.766460,51.352,51.398,0.103
2020-03-20 13:41:41.004123,51.361,51.395,0.023
2020-03-20 13:42:38.246427,51.336,51.370,0.176
2020-03-20 13:43:35.490468,51.355,51.382,0.177
2020-03-20 13:44:32.734427,51.345,51.364,0.287
2020-03-20 13:45:29.972128,51.342,51.363,0.227
2020-03-20 13:46:27.214454,51.343,51.374,0.268
2020-03-20 13:47:24.458456,51.363,51.402,0.144
2020-03-20 13:48:21.710443,51.363,51.418,0.147
2020-03-20 13:49:18.954489,51.324,51.338,0.012
2020-03-20 13:50:16.198455,51.352,51.386,0.249
2020-03-20 13:51:13.442478,51.367,51.405,0.227
2020-03-20 13:52:10.686454,51.348,51.406,0.030
2020-03-20 13:53:07.918505,51.353,51.381,0.304
2020-03-20 13:54:05.154426,51.358,51.388,0.145
2020-03-20 13:55:02.398472,51.352,51.421,0.205
2020-03-20 13:55:59.642514,51.328,51.354,0.013
2020-03-20 13:56:56.886447,51.361,51.383,0.144
2020-03-20 13:57:54.130464,51.357,51.425,0.249
2020-03-20 13:58:51.370472,51.361,51.398,0.177
2020-03-20 13:59:48.614439,51.332,51.380,0.304
2020-03-20 14:00:45.858478,51.341,51.377,0.176
2020-03-20 14:01:43.102493,51.340,51.380,0.145
2020-03-20 14:02:40.342468,51.325,51.385,0.145
2020-03-20 14:03:37.586495,51.352,51.373,0.176
2020-03-20 14:04:34.830449,51.351,51.392,0.305
2020-03-20 14:05:32.062468,51.362,51.403,0.027
2020-03-20 14:06:29.306583,51.334,51.368,0.287
2020-03-20 14:07:26.546479,51.351,51.371,0.103
2020-03-20 14:08:23.790487,51.368,51.407,0.022
2020-03-20 14:09:21.030494,51.362,51.403,0.250
2020-03-20 14:10:18.274487,51.352,51.369,0.287
2020-03-20 14:11:15.518476,51.342,51.376,0.269
2020-03-20 14:12:12.762466,51.348,51.372,0.143
2020-03-20 14:13:10.006486,51.347,51.402,0.228
2020-03-20 14:14:07.250484,51.343,51.370,0.287
2020-03-20 14:15:04.494568,51.363,51.386,0.012
2020-03-20 14:16:01.738439,51.348,51.373,0.287
2020-03-20 14:16:58.982421,51.334,51.361,0.102
2020-03-20 14:17:56.226528,51.352,51.393,0.287
2020-03-20 14:18:53.470461,51.344,51.372,0.203
2020-03-20 14:19:50.714451,51.357,51.391,0.227
2020-03-20 14:20:47.958486,51.338,51.379,0.204
2020-03-20 14:21:45.202465,51.353,51.378,0.248
2020-03-20 14:22:42.446420,51.338,51.375,0.025
2020-03-20 14:23:39.690439,51.340,51.374,0.023
2020-03-20 14:24:36.934441,51.371,51.403,0.304
2020-03-20 14:25:34.170451,51.354,51.379,0.176
2020-03-20 14:26:31.414437,51.360,51.398,0.018
2020-03-20 14:27:28.658398,51.349,51.380,0.269
2020-03-20 14:28:25.902463,51.339,51.384,0.287
2020-03-20 14:29:23.146429,51.353,51.381,0.103
2020-03-20 14:30:20.390436,51.372,51.405,0.022
2020-03-20 14:31:17.634413,51.360,51.387,0.269
2020-03-20 14:32:14.868090,51.338,51.388,0.145
2020-03-20 14:33:12.110424,51.342,51.382,0.304
2020-03-20 14:34:09.354451,51.346,51.423,0.305
2020-03-20 14:35:06.598454,51.347,51.403,0.228
2020-03-20 14:36:03.842483,51.344,51.384,0.023
2020-03-20 14:37:01.074402,51.365,51.417,0.178
2020-03-20 14:37:58.318444,51.347,51.376,0.227
2020-03-20 14:38:55.566463,51.334,51.370,0.176
2020-03-20 14:39:52.810391,51.351,51.420,0.228
2020-03-20 14:40:50.042467,51.372,51.416,0.249
2020-03-20 14:41:47.286435,51.341,51.368,0.304
2020-03-20 14:42:44.530470,51.364,51.379,0.226
2020-03-20 14:43:41.774555,51.335,51.369,0.227
2020-03-20 14:44:39.018439,51.340,51.379,0.031
2020-03-20 14:45:36.262534,51.329,51.361,0.287
2020-03-20 14:46:33.506450,51.357,51.374,0.102
2020-03-20 14:47:30.750428,51.371,51.410,0.305
2020-03-20 14:48:27.994524,51.327,51.343,0.175
2020-03-20 14:49:25.238552,51.346,51.389,0.204
2020-03-20 14:50:22.482453,51.355,51.373,0.286
2020-03-20 14:51:19.730474,51.366,51.403,0.249
2020-03-20 14:52:16.974519,51.347,51.383,0.287
2020-03-20 14:53:14.218430,51.353,51.379,0.203
2020-03-20 14:54:11.462453,51.354,51.413,0.228
2020-03-20 14:55:08.706408,51.327,51.365,0.268
2020-03-20 14:56:05.950441,51.347,51.373,0.019
2020-03-20 14:57:03.194461,51.355,51.421,0.287
2020-03-20 14:58:00.438443,51.359,51.407,0.228
2020-03-20 14:58:57.682483,51.334,51.365,0.268
2020-03-20 14:59:54.926479,51.350,51.384,0.287
2020-03-20 15:00:52.162461,51.357,51.414,0.250
2020-03-20 15:01:49.406499,51.362,51.421,0.204
2020-03-20 15:02:46.650444,51.327,51.360,0.016
2020-03-20 15:03:43.894426,51.353,51.410,0.287
2020-03-20 15:04:41.138445,51.359,51.424,0.250
2020-03-20 15:05:38.382455,51.318,51.342,0.176
2020-03-20 15:06:35.626464,51.346,51.374,0.227
2020-03-20 15:07:32.870394,51.355,51.383,0.144
2020-03-20 15:08:30.114455,51.355,51.412,0.145
2020-03-20 15:09:27.358455,51.342,51.387,0.023
2020-03-20 15:10:24.602410,51.339,51.378,0.104
2020-03-20 15:11:21.846539,51.352,51.400,0.031
2020-03-20 15:12:19.078452,51.354,51.372,0.248
2020-03-20 15:13:16.322440,51.350,51.375,0.287
2020-03-20 15:14:13.566448,51.364,51.419,0.269
2020-03-20 15:15:10.810461,51.350,51.384,0.204
2020-03-20 15:16:08.026415,51.324,51.380,0.021
2020-03-20 15:17:05.270585,51.349,51.369,0.176
2020-03-20 15:18:02.514427,51.352,51.383,0.268
2020-03-20 15:18:59.758510,51.359,51.397,0.248
2020-03-20 15:19:57.002541,51.338,51.363,0.144
2020-03-20 15:20:54.246633,51.337,51.381,0.287
2020-03-20 15:21:51.490493,51.354,51.376,0.176
2020-03-20 15:22:48.734402,51.359,51.405,0.145
2020-03-20 15:23:45.978602,51.344,51.383,0.305
2020-03-20 15:24:43.222470,51.340,51.384,0.249
2020-03-20 15:25:40.470487,51.355,51.382,0.304
2020-03-20 15:26:37.714496,51.333,51.406,0.178
2020-03-20 15:27:34.958467,51.338,51.364,0.144
2020-03-20 15:28:32.202480,51.348,51.403,0.249
2020-03-20 15:29:29.446525,51.343,51.377,0.102
2020-03-20 15:30:26.690442,51.348,51.381,0.144
2020-03-20 15:31:23.934531,51.347,51.364,0.203
2020-03-20 15:32:21.170410,51.353,51.375,0.102
2020-03-20 15:33:18.414440,51.348,51.379,0.227
2020-03-20 15:34:15.658510,51.372,51.404,0.305
2020-03-20 15:35:12.902417,51.340,51.383,0.204
2020-03-20 15:36:10.142458,51.354,51.381,0.103
2020-03-20 15:37:07.386454,51.336,51.363,0.269
2020-03-20 15:38:04.630409,51.322,51.341,0.202
2020-03-20 15:39:01.874464,51.353,51.374,0.227
2020-03-20 15:39:59.118429,51.370,51.423,0.177
2020-03-20 15:40:56.362465,51.350,51.381,0.227
2020-03-20 15:41:53.606474,51.342,51.368,0.144
2020-03-20 15:42:50.850479,51.356,51.380,0.176
2020-03-20 15:43:48.086421,51.367,51.406,0.288
2020-03-20 15:44:45.330461,51.340,51.382,0.176
2020-03-20 15:45:42.574470,51.354,51.401,0.227
2020-03-20 15:46:39.822486,51.362,51.414,0.288
2020-03-20 15:47:37.054580,51.348,51.417,0.249
2020-03-20 15:48:34.298421,51.339,51.371,0.304
2020-03-20 15:49:31.542511,51.374,51.402,0.304
2020-03-20 15:50:28.786553,51.359,51.411,0.145
2020-03-20 15:51:26.030452,51.330,51.344,0.010
2020-03-20 15:52:23.274488,51.341,51.378,0.228
2020-03-20 15:53:20.518488,51.360,51.416,0.249
2020-03-20 15:54:17.762503,51.357,51.392,0.227
2020-03-20 15:55:15.006505,51.325,51.371,0.304
2020-03-20 15:56:12.250549,51.361,51.387,0.176
2020-03-20 15:57:09.494498,51.374,51.420,0.269
2020-03-20 15:58:06.738496,51.337,51.386,0.269
2020-03-20 15:59:03.982459,51.344,51.383,0.227
2020-03-20 16:00:01.226475,51.347,51.366,0.268
2020-03-20 16:00:58.470454,51.335,51.363,0.249
2020-03-20 16:01:55.712390,51.337,51.377,0.248
2020-03-20 16:02:52.954454,51.335,51.382,0.228
2020-03-20 16:03:50.198480,51.354,51.382,0.203
2020-03-20 16:04:47.442471,51.352,51.383,0.203
2020-03-20 16:05:44.690426,51.339,51.413,0.204
2020-03-20 16:06:41.934386,51.337,51.380,0.177
2020-03-20 16:07:39.170440,51.338,51.366,0.227
2020-03-20 16:08:36.414439,51.336,51.383,0.268
2020-03-20 16:09:33.658471,51.337,51.368,0.103
2020-03-20 16:10:30.902436,51.341,51.372,0.103
2020-03-20 16:11:28.150427,51.324,51.350,0.304
2020-03-20 16:12:25.398431,51.328,51.376,0.227
2020-03-20 16:13:22.642459,51.331,51.366,0.304
2020-03-20 16:14:19.886487,51.339,51.363,0.102
2020-03-20 16:15:17.130548,51.344,51.384,0.287
2020-03-20 16:16:14.374463,51.333,51.368,0.268
2020-03-20 16:17:11.618463,51.358,51.411,0.032
2020-03-20 16:18:08.862505,51.345,51.421,0.206
2020-03-20 16:19:06.106604,51.335,51.387,0.176
2020-03-20 16:20:03.350436,51.356,51.402,0.305
2020-03-20 16:21:00.594505,51.331,51.377,0.269
2020-03-20 16:21:57.838469,51.347,51.373,0.144
2020-03-20 16:22:55.070474,51.331,51.371,0.305
2020-03-20 16:23:52.318522,51.329,51.366,0.227
2020-03-20 16:24:49.562518,51.352,51.382,0.144
2020-03-20 16:25:46.806443,51.337,51.369,0.287
2020-03-20 16:26:44.046485,51.348,51.379,0.025
2020-03-20 16:27:41.290426,51.340,51.381,0.026
2020-03-20 16:28:38.534483,51.335,51.356,0.248
2020-03-20 16:29:35.778486,51.332,51.399,0.287
2020-03-20 16:30:33.004125,51.342,51.403,0.305
2020-03-20 16:31:30.246429,51.348,51.371,0.248
2020-03-20 16:32:27.486428,51.344,51.388,0.145
2020-03-20 16:33:24.870455,51.351,51.400,0.204
2020-03-20 16:34:22.114462,51.328,51.364,0.102
2020-03-20 16:35:19.358449,51.345,51.374,0.305
2020-03-20 16:36:16.602421,51.348,51.399,0.146
2020-03-20 16:37:13.846485,51.328,51.342,0.226
2020-03-20 16:38:11.078458,51.330,51.378,0.145
2020-03-20 16:39:08.322430,51.357,51.408,0.105
2020-03-20 16:40:05.566460,51.371,51.411,0.177
2020-03-20 16:41:02.810449,51.337,51.373,0.018
2020-03-20 16:42:00.046448,51.344,51.374,0.103
2020-03-20 16:42:57.290424,51.350,51.380,0.287
2020-03-20 16:43:54.534456,51.328,51.351,0.304
2020-03-20 16:44:51.778476,51.339,51.373,0.177
2020-03-20 16:45:49.004122,51.348,51.386,0.103
2020-03-20 16:46:46.250440,51.360,51.405,0.204
2020-03-20 16:47:43.494433,51.327,51.363,0.268
2020-03-20 16:48:40.738405,51.348,51.386,0.227
2020-03-20 16:49:37.972125,51.363,51.401,0.304
2020-03-20 16:50:35.214435,51.337,51.358,0.268
2020-03-20 16:51:32.458437,51.332,51.375,0.287
2020-03-20 16:52:29.706455,51.349,51.374,0.268
2020-03-20 16:53:26.950463,51.346,51.378,0.287
2020-03-20 16:54:24.194449,51.332,51.367,0.203
2020-03-20 16:55:21.438581,51.333,51.375,0.144
2020-03-20 16:56:18.682393,51.343,51.366,0.268
2020-03-20 16:57:15.926455,51.345,51.377,0.268
2020-03-20 16:58:13.158551,51.328,51.362,0.014
2020-03-20 16:59:10.414422,51.349,51.384,0.145
2020-03-20 17:00:07.658466,51.346,51.395,0.146
2020-03-20 17:01:04.902427,51.338,51.406,0.204
2020-03-20 17:02:02.146414,51.354,51.384,0.227
2020-03-20 17:02:59.390436,51.361,51.388,0.203
2020-03-20 17:03:56.634407,51.325,51.371,0.269
2020-03-20 17:04:53.878466,51.326,51.358,0.176
2020-03-20 17:05:51.118430,51.359,51.396,0.249
2020-03-20 17:06:48.362445,51.335,51.416,0.288
2020-03-20 17:07:45.606445,51.338,51.358,0.102
2020-03-20 17:08:42.850479,51.351,51.384,0.203
2020-03-20 17:09:40.090446,51.341,51.371,0.022
2020-03-20 17:10:37.334449,51.318,51.360,0.103
2020-03-20 17:11:34.578468,51.357,51.406,0.204
2020-03-20 17:12:31.826495,51.322,51.365,0.228
2020-03-20 17:13:29.062550,51.327,51.375,0.177
2020-03-20 17:14:26.306408,51.348,51.370,0.021
2020-03-20 17:15:23.550423,51.320,51.364,0.227
2020-03-20 17:16:20.794512,51.339,51.387,0.304
2020-03-20 17:17:18.028222,51.348,51.382,0.287
2020-03-20 17:18:15.270465,51.348,51.368,0.286
2020-03-20 17:19:12.514491,51.321,51.380,0.204
2020-03-20 17:20:09.758437,51.339,51.386,0.023
2020-03-20 17:21:07.002446,51.348,51.384,0.287
2020-03-20 17:22:04.246537,51.353,51.403,0.305
2020-03-20 17:23:01.490456,51.339,51.426,0.147
2020-03-20 17:23:58.734475,51.330,51.369,0.227
2020-03-20 17:24:55.978518,51.345,51.377,0.177
2020-03-20 17:25:53.222429,51.329,51.362,0.176
2020-03-20 17:26:50.466461,51.320,51.369,0.144
2020-03-20 17:27:47.710468,51.349,51.390,0.105
2020-03-20 17:28:44.954546,51.369,51.420,0.104
2020-03-20 17:29:42.198420,51.332,51.371,0.287
2020-03-20 17:30:39.442456,51.344,51.378,0.269
2020-03-20 17:31:36.690510,51.350,51.373,0.102
2020-03-20 17:32:33.934454,51.354,51.392,0.177
2020-03-20 17:33:31.170451,51.342,51.379,0.022
2020-03-20 17:34:28.414452,51.349,51.379,0.102
2020-03-20 17:35:25.658432,51.335,51.381,0.287
2020-03-20 17:36:22.902476,51.343,51.391,0.228
2020-03-20 17:37:20.142512,51.333,51.364,0.016
2020-03-20 17:38:17.386452,51.368,51.406,0.025
2020-03-20 17:39:14.630489,51.354,51.421,0.250
2020-03-20 17:40:11.874534,51.322,51.343,0.226
2020-03-20 17:41:09.114575,51.340,51.376,0.269
2020-03-20 17:42:06.358472,51.346,51.389,0.227
2020-03-20 17:43:03.602495,51.344,51.437,0.229
2020-03-20 17:44:00.846450,51.321,51.366,0.017
2020-03-20 17:44:58.078563,51.339,51.371,0.304
2020-03-20 17:45:55.322494,51.346,51.379,0.268
2020-03-20 17:46:52.566426,51.325,51.340,0.304
2020-03-20 17:47:49.810521,51.324,51.341,0.304
2020-03-20 17:48:47.046474,51.331,51.382,0.304
2020-03-20 17:49:44.290452,51.342,51.382,0.249
2020-03-20 17:50:41.534462,51.329,51.371,0.176
2020-03-20 17:51:38.774467,51.332,51.363,0.227
2020-03-20 17:52:36.018543,51.338,51.384,0.287
2020-03-20 17:53:33.262457,51.332,51.359,0.227
2020-03-20 17:54:30.506473,51.341,51.370,0.018
2020-03-20 17:55:27.750526,51.351,51.377,0.268
2020-03-20 17:56:24.994414,51.329,51.360,0.203
2020-03-20 17:57:22.238434,51.335,51.385,0.145
2020-03-20 17:58:19.482396,51.337,51.366,0.249
2020-03-20 17:59:16.726434,51.341,51.388,0.228
2020-03-20 18:00:13.970421,51.346,51.382,0.019
2020-03-20 18:01:11.210452,51.336,51.384,0.305
2020-03-20 18:02:08.454435,51.336,51.369,0.268
2020-03-20 18:03:05.698449,51.330,51.362,0.249
2020-03-20 18:04:02.942457,51.327,51.344,0.143
2020-03-20 18:05:00.178447,51.344,51.374,0.105
2020-03-20 18:05:57.418425,51.344,51.379,0.287
2020-03-20 18:06:54.662444,51.336,51.369,0.144
2020-03-20 18:07:51.902453,51.326,51.369,0.026
2020-03-20 18:08:49.142423,51.346,51.381,0.145
2020-03-20 18:09:46.386443,51.322,51.357,0.103
2020-03-20 18:10:43.630459,51.338,51.399,0.031
2020-03-20 18:11:40.874524,51.335,51.358,0.144
2020-03-20 18:12:38.114613,51.337,51.377,0.145
2020-03-20 18:13:35.354442,51.346,51.380,0.227
2020-03-20 18:14:32.602414,51.336,51.366,0.227
2020-03-20 18:15:29.846457,51.337,51.404,0.105
2020-03-20 18:16:27.078423,51.351,51.386,0.103
2020-03-20 18:17:24.322420,51.330,51.367,0.103
2020-03-20 18:18:21.566453,51.331,51.366,0.227
2020-03-20 18:19:18.810462,51.333,51.386,0.305
2020-03-20 18:20:16.046431,51.345,51.378,0.203
2020-03-20 18:21:13.290440,51.345,51.388,0.026
2020-03-20 18:22:10.534429,51.336,51.364,0.024
2020-03-20 18:23:07.774433,51.324,51.363,0.227
2020-03-20 18:24:05.026399,51.337,51.361,0.248
2020-03-20 18:25:02.270415,51.328,51.390,0.023
2020-03-20 18:25:59.514464,51.321,51.343,0.287
2020-03-20 18:26:56.758433,51.335,51.378,0.103
2020-03-20 18:27:54.002427,51.333,51.388,0.176
2020-03-20 18:28:51.246447,51.351,51.377,0.287
2020-03-20 18:29:48.490530,51.328,51.379,0.103
2020-03-20 18:30:45.734465,51.340,51.367,0.227
2020-03-20 18:31:42.978455,51.357,51.409,0.107
2020-03-20 18:32:40.222429,51.342,51.376,0.203
2020-03-20 18:33:37.466437,51.319,51.366,0.249
2020-03-20 18:34:34.706433,51.343,51.397,0.250
2020-03-20 18:35:31.950493,51.342,51.384,0.026
2020-03-20 18:36:29.190449,51.316,51.344,0.248
2020-03-20 18:37:26.434445,51.349,51.395,0.305
2020-03-20 18:38:23.678467,51.349,51.404,0.250
2020-03-20 18:39:20.922434,51.318,51.332,0.101
2020-03-20 18:40:18.154414,51.343,51.381,0.228
2020-03-20 18:41:15.398447,51.353,51.379,0.177
2020-03-20 18:42:12.642439,51.335,51.366,0.145
2020-03-20 18:43:09.888157,51.331,51.357,0.304
2020-03-20 18:44:07.130435,51.339,51.370,0.104
2020-03-20 18:45:04.374536,51.348,51.371,0.204
2020-03-20 18:46:01.618579,51.334,51.363,0.287
2020-03-20 18:46:58.862473,51.317,51.342,0.268
2020-03-20 18:47:56.106519,51.329,51.362,0.249
2020-03-20 18:48:53.350444,51.344,51.373,0.145
2020-03-20 18:49:50.594628,51.313,51.325,0.203
2020-03-20 18:50:47.838464,51.341,51.372,0.305
2020-03-20 18:51:45.070477,51.359,51.415,0.304
2020-03-20 18:52:42.318510,51.335,51.377,0.304
2020-03-20 18:53:39.562473,51.335,51.371,0.204
2020-03-20 18:54:36.806476,51.354,51.374,0.304
2020-03-20 18:55:34.042496,51.346,51.405,0.147
2020-03-20 18:56:31.286434,51.358,51.400,0.269
2020-03-20 18:57:28.530493,51.339,51.376,0.268
2020-03-20 18:58:25.774412,51.338,51.377,0.103
2020-03-20 18:59:23.018442,51.334,51.368,0.227
2020-03-20 19:00:20.262515,51.342,51.381,0.104
2020-03-20 19:01:17.506483,51.341,51.373,0.177
2020-03-20 19:02:14.750426,51.324,51.345,0.268
2020-03-20 19:03:11.994465,51.343,51.356,0.286
2020-03-20 19:04:09.238499,51.324,51.362,0.227
2020-03-20 19:05:06.482453,51.347,51.369,0.103
2020-03-20 19:06:03.726505,51.331,51.359,0.203
2020-03-20 19:07:00.970457,51.352,51.380,0.248
2020-03-20 19:07:58.214425,51.351,51.369,0.248
2020-03-20 19:08:55.458470,51.320,51.380,0.304
2020-03-20 19:09:52.702439,51.358,51.404,0.288
2020-03-20 19:10:49.954432,51.329,51.367,0.023
2020-03-20 19:11:47.198483,51.338,51.367,0.102
2020-03-20 19:12:44.442435,51.333,51.387,0.228
2020-03-20 19:13:41.686464,51.347,51.367,0.014
2020-03-20 19:14:38.930457,51.344,51.385,0.103
2020-03-20 19:15:36.166514,51.341,51.363,0.248
2020-03-20 19:16:33.418451,51.354,51.381,0.248
2020-03-20 19:17:30.662437,51.363,51.398,0.287
2020-03-20 19:18:27.906435,51.351,51.381,0.144
2020-03-20 19:19:25.150414,51.343,51.378,0.227
2020-03-20 19:20:22.394455,51.355,51.427,0.288
2020-03-20 19:21:19.638485,51.364,51.414,0.250
2020-03-20 19:22:16.882446,51.341,51.375,0.249
2020-03-20 19:23:14.126543,51.359,51.379,0.011
2020-03-20 19:24:11.370459,51.344,51.398,0.106
2020-03-20 19:25:08.614396,51.342,51.378,0.249
2020-03-20 19:26:05.858450,51.338,51.364,0.021
2020-03-20 19:27:03.098459,51.375,51.410,0.227
2020-03-20 19:28:00.342474,51.365,51.402,0.031
2020-03-20 19:28:57.586514,51.324,51.360,0.103
2020-03-20 19:29:54.830421,51.351,51.383,0.269
2020-03-20 19:30:52.062555,51.367,51.425,0.269
2020-03-20 19:31:49.306500,51.333,51.365,0.249
2020-03-20 19:32:46.550450,51.339,51.376,0.145
2020-03-20 19:33:43.794468,51.342,51.371,0.022
2020-03-20 19:34:41.034475,51.372,51.402,0.203
2020-03-20 19:35:38.272150,51.330,51.363,0.013
2020-03-20 19:36:35.514475,51.332,51.367,0.304
2020-03-20 19:37:32.758454,51.369,51.422,0.204
2020-03-20 19:38:30.002453,51.348,51.384,0.269
2020-03-20 19:39:27.246482,51.335,51.372,0.176
2020-03-20 19:40:24.490541,51.345,51.366,0.019
2020-03-20 19:41:21.734489,51.356,51.397,0.028
2020-03-20 19:42:18.978505,51.329,51.360,0.203
2020-03-20 19:43:16.222466,51.343,51.373,0.249
2020-03-20 19:44:13.466509,51.353,51.402,0.105
2020-03-20 19:45:10.710487,51.354,51.385,0.304
2020-03-20 19:46:07.954551,51.336,51.369,0.176
2020-03-20 19:47:05.198591,51.341,51.385,0.249
2020-03-20 19:48:02.442382,51.360,51.404,0.249
2020-03-20 19:48:59.686519,51.342,51.377,0.269
2020-03-20 19:49:56.930438,51.348,51.379,0.144
2020-03-20 19:50:54.166451,51.361,51.416,0.269
2020-03-20 19:51:51.410462,51.332,51.383,0.027
2020-03-20 19:52:48.654407,51.340,51.403,0.146
2020-03-20 19:53:45.898519,51.343,51.371,0.144
2020-03-20 19:54:43.142468,51.360,51.412,0.228
2020-03-20 19:55:40.386528,51.360,51.377,0.143
2020-03-20 19:56:37.630453,51.331,51.363,0.304
2020-03-20 19:57:34.874454,51.344,51.374,0.176
2020-03-20 19:58:32.118469,51.346,51.365,0.287
2020-03-20 19:59:29.362471,51.354,51.402,0.104
2020-03-20 20:00:26.610455,51.330,51.362,0.287
2020-03-20 20:01:23.854499,51.360,51.423,0.025
2020-03-20 20:02:21.098557,51.343,51.381,0.177
2020-03-20 20:03:18.342612,51.337,51.365,0.203
2020-03-20 20:04:15.586486,51.353,51.389,0.204
2020-03-20 20:05:12.830409,51.345,51.373,0.017
2020-03-20 20:06:10.062424,51.343,51.379,0.227
2020-03-20 20:07:07.306451,51.338,51.390,0.227
2020-03-20 20:08:04.550394,51.340,51.384,0.177
2020-03-20 20:09:01.794470,51.355,51.392,0.269
2020-03-20 20:09:59.004122,51.364,51.403,0.022
2020-03-20 20:10:56.246431,51.354,51.387,0.248
2020-03-20 20:11:53.498472,51.350,51.384,0.287
2020-03-20 20:12:50.742450,51.347,51.390,0.228
2020-03-20 20:13:47.986479,51.337,51.364,0.101
2020-03-20 20:14:45.230422,51.337,51.372,0.287
2020-03-20 20:15:42.474485,51.344,51.392,0.203
2020-03-20 20:16:39.718474,51.363,51.405,0.030
2020-03-20 20:17:36.962460,51.346,51.379,0.145
2020-03-20 20:18:34.206430,51.322,51.338,0.175
2020-03-20 20:19:31.450457,51.363,51.401,0.176
2020-03-20 20:20:28.694442,51.345,51.425,0.206
2020-03-20 20:21:25.938432,51.355,51.417,0.249
2020-03-20 20:22:23.170448,51.346,51.377,0.249
2020-03-20 20:23:20.414461,51.348,51.395,0.144
2020-03-20 20:24:17.658476,51.344,51.428,0.270
2020-03-20 20:25:14.902460,51.329,51.362,0.268
2020-03-20 20:26:12.146456,51.354,51.387,0.227
2020-03-20 20:27:09.390449,51.343,51.383,0.269
2020-03-20 20:28:06.634395,51.325,51.357,0.175
2020-03-20 20:29:03.878406,51.342,51.367,0.103
2020-03-20 20:30:01.122384,51.340,51.365,0.268
2020-03-20 20:30:58.366390,51.356,51.425,0.229
2020-03-20 20:31:55.610428,51.322,51.360,0.248
2020-03-20 20:32:52.854421,51.336,51.378,0.145
2020-03-20 20:33:50.098386,51.368,51.415,0.034
2020-03-20 20:34:47.342388,51.327,51.372,0.102
2020-03-20 20:35:44.586390,51.325,51.361,0.268
2020-03-20 20:36:41.830415,51.364,51.412,0.269
2020-03-20 20:37:39.062388,51.358,51.420,0.106
2020-03-20 20:38:36.306408,51.330,51.369,0.286
2020-03-20 20:39:33.550409,51.351,51.371,0.248
2020-03-20 20:40:30.794416,51.354,51.421,0.104
2020-03-20 20:41:28.004121,51.342,51.378,0.176
2020-03-20 20:42:25.246403,51.354,51.380,0.022
2020-03-20 20:43:22.490410,51.353,51.407,0.287
2020-03-20 20:44:19.734398,51.340,51.412,0.270
2020-03-20 20:45:16.978437,51.334,51.378,0.287
2020-03-20 20:46:14.222393,51.334,51.366,0.103
2020-03-20 20:47:11.466406,51.368,51.413,0.026
2020-03-20 20:48:08.710397,51.347,51.422,0.229
2020-03-20 20:49:05.954380,51.345,51.382,0.287
2020-03-20 20:50:03.206397,51.349,51.403,0.228
2020-03-20 20:51:00.450411,51.331,51.381,0.145
2020-03-20 20:51:57.694417,51.366,51.412,0.249
2020-03-20 20:52:54.938421,51.351,51.387,0.288
2020-03-20 20:53:52.174427,51.357,51.384,0.248
2020-03-20 20:54:49.418407,51.352,51.370,0.268
2020-03-20 20:55:46.662410,51.344,51.385,0.249
2020-03-20 20:56:43.906418,51.348,51.386,0.103
2020-03-20 20:57:41.150397,51.329,51.375,0.145
2020-03-20 20:58:38.394405,51.353,51.389,0.227
2020-03-20 20:59:35.638417,51.341,51.364,0.304
2020-03-20 21:00:32.882400,51.360,51.377,0.102
2020-03-20 21:01:30.126395,51.343,51.374,0.304
2020-03-20 21:02:27.370406,51.350,51.398,0.177
2020-03-20 21:03:24.614422,51.358,51.404,0.177
2020-03-20 21:04:21.858398,51.336,51.369,0.204
2020-03-20 21:05:19.102417,51.353,51.377,0.227
2020-03-20 21:06:16.346394,51.335,51.367,0.144
2020-03-20 21:07:13.590388,51.341,51.363,0.304
2020-03-20 21:08:10.834383,51.334,51.379,0.021
2020-03-20 21:09:08.066380,51.356,51.384,0.024
2020-03-20 21:10:05.310441,51.343,51.366,0.020
2020-03-20 21:11:02.554406,51.349,51.382,0.269
2020-03-20 21:11:59.798396,51.332,51.366,0.304
2020-03-20 21:12:57.034440,51.343,51.390,0.145
2020-03-20 21:13:54.282405,51.358,51.425,0.106
2020-03-20 21:14:51.526402,51.345,51.399,0.028
