2020-03-19 20:38:56.166878,0.037,0.076,0.013
2020-03-19 20:39:53.414432,0.033,0.039,0.003
2020-03-19 20:40:50.658427,0.032,0.038,0.007
2020-03-19 20:41:47.902458,0.033,0.040,0.005
2020-03-19 20:42:45.142519,0.033,0.040,0.004
2020-03-19 20:43:42.386574,0.033,0.037,0.005
2020-03-19 20:44:39.630436,0.032,0.037,0.006
2020-03-19 20:45:36.874434,0.033,0.040,0.005
2020-03-19 20:46:34.114405,0.033,0.039,0.005
2020-03-19 20:47:31.358400,0.032,0.039,0.007
2020-03-19 20:48:28.602419,0.033,0.039,0.007
2020-03-19 20:49:25.846414,0.033,0.039,0.006
2020-03-19 20:50:23.078383,0.033,0.037,0.004
2020-03-19 20:51:20.326403,0.032,0.037,0.007
2020-03-19 20:52:17.570408,0.033,0.041,0.004
2020-03-19 20:53:14.814406,0.032,0.038,0.007
2020-03-19 20:54:12.046392,0.032,0.039,0.006
2020-03-19 20:55:09.290426,0.032,0.039,0.005
2020-03-19 20:56:06.534446,0.032,0.036,0.007
2020-03-19 20:57:03.778477,0.031,0.035,0.006
2020-03-19 20:58:01.022472,0.033,0.039,0.003
2020-03-19 20:58:58.266403,0.033,0.039,0.005
2020-03-19 20:59:55.510452,0.032,0.038,0.007
2020-03-19 21:00:52.754437,0.032,0.042,0.007
2020-03-19 21:01:50.098441,0.034,0.047,0.005
2020-03-19 21:02:47.346446,0.032,0.038,0.007
2020-03-19 21:03:44.590416,0.033,0.036,0.002
2020-03-19 21:04:41.834478,0.032,0.039,0.007
2020-03-19 21:05:39.066445,0.033,0.038,0.003
2020-03-19 21:06:36.310440,0.031,0.038,0.007
2020-03-19 21:07:33.554477,0.032,0.038,0.006
2020-03-19 21:08:30.798465,0.032,0.039,0.008
2020-03-19 21:09:28.034466,0.033,0.039,0.003
2020-03-19 21:10:25.278440,0.032,0.036,0.005
2020-03-19 21:11:22.522470,0.033,0.038,0.002
2020-03-19 21:12:19.766431,0.032,0.039,0.002
2020-03-19 21:13:17.010473,0.032,0.042,0.008
2020-03-19 21:14:14.254467,0.033,0.038,0.002
2020-03-19 21:15:11.498497,0.033,0.040,0.004
2020-03-19 21:16:08.742457,0.033,0.040,0.004
2020-03-19 21:17:05.972086,0.032,0.038,0.007
2020-03-19 21:18:03.214514,0.033,0.044,0.005
2020-03-19 21:19:00.458551,0.032,0.037,0.008
2020-03-19 21:19:57.702462,0.033,0.040,0.002
2020-03-19 21:20:54.946497,0.033,0.037,0.003
2020-03-19 21:21:52.190564,0.033,0.040,0.007
2020-03-19 21:22:49.434470,0.033,0.037,0.002
2020-03-19 21:23:46.682490,0.032,0.037,0.006
2020-03-19 21:24:43.926476,0.032,0.036,0.006
2020-03-19 21:25:41.162449,0.032,0.037,0.008
2020-03-19 21:26:38.406471,0.032,0.038,0.006
2020-03-19 21:27:35.650457,0.032,0.039,0.008
2020-03-19 21:28:32.894401,0.033,0.037,0.003
2020-03-19 21:29:30.138421,0.032,0.037,0.004
2020-03-19 21:30:27.394493,0.032,0.039,0.007
2020-03-19 21:31:24.638514,0.033,0.037,0.004
2020-03-19 21:32:21.882593,0.032,0.037,0.007
2020-03-19 21:33:19.126465,0.032,0.038,0.003
2020-03-19 21:34:16.370531,0.033,0.037,0.003
2020-03-19 21:35:13.614442,0.033,0.043,0.004
2020-03-19 21:36:10.858473,0.032,0.036,0.002
2020-03-19 21:37:08.098425,0.031,0.035,0.007
2020-03-19 21:38:05.342434,0.032,0.037,0.007
2020-03-19 21:39:02.586439,0.032,0.037,0.007
2020-03-19 21:39:59.830473,0.033,0.037,0.004
2020-03-19 21:40:57.062427,0.033,0.038,0.005
2020-03-19 21:41:54.314441,0.033,0.037,0.007
2020-03-19 21:42:51.558450,0.032,0.038,0.005
2020-03-19 21:43:48.802402,0.033,0.041,0.007
2020-03-19 21:44:46.034435,0.032,0.037,0.004
2020-03-19 21:45:43.278451,0.033,0.036,0.005
2020-03-19 21:46:40.522513,0.032,0.036,0.006
2020-03-19 21:47:37.766413,0.033,0.037,0.005
2020-03-19 21:48:35.010495,0.032,0.035,0.007
2020-03-19 21:49:32.254471,0.032,0.037,0.007
2020-03-19 21:50:29.498584,0.033,0.039,0.005
2020-03-19 21:51:26.742439,0.033,0.040,0.003
2020-03-19 21:52:23.986517,0.032,0.036,0.005
2020-03-19 21:53:21.230560,0.032,0.038,0.007
2020-03-19 21:54:18.474438,0.032,0.040,0.007
2020-03-19 21:55:15.734495,0.033,0.037,0.006
2020-03-19 21:56:12.978540,0.032,0.037,0.006
2020-03-19 21:57:10.222623,0.032,0.039,0.005
2020-03-19 21:58:07.466465,0.032,0.039,0.008
2020-03-19 21:59:04.710486,0.032,0.035,0.004
2020-03-19 22:00:01.958412,0.032,0.038,0.008
2020-03-19 22:00:59.202472,0.032,0.037,0.005
2020-03-19 22:01:56.446526,0.033,0.038,0.003
2020-03-19 22:02:53.690454,0.033,0.038,0.002
2020-03-19 22:03:50.934462,0.033,0.038,0.007
2020-03-19 22:04:48.178526,0.032,0.038,0.005
2020-03-19 22:05:45.422561,0.033,0.037,0.003
2020-03-19 22:06:42.666428,0.033,0.040,0.006
2020-03-19 22:07:39.910526,0.034,0.045,0.007
2020-03-19 22:08:37.150461,0.034,0.044,0.004
2020-03-19 22:09:34.394448,0.035,0.065,0.010
2020-03-19 22:10:31.638503,0.036,0.069,0.012
2020-03-19 22:11:28.882522,0.034,0.050,0.009
2020-03-19 22:12:26.122439,0.032,0.040,0.006
2020-03-19 22:13:23.366489,0.038,0.052,0.008
2020-03-19 22:14:20.610499,0.033,0.038,0.002
2020-03-19 22:15:17.854605,0.036,0.055,0.008
2020-03-19 22:16:15.094462,0.034,0.041,0.003
2020-03-19 22:17:12.338471,0.033,0.038,0.005
2020-03-19 22:18:09.582574,0.032,0.037,0.004
2020-03-19 22:19:06.826468,0.033,0.039,0.006
2020-03-19 22:20:04.062527,0.032,0.037,0.006
2020-03-19 22:21:01.306413,0.032,0.037,0.006
2020-03-19 22:21:58.550422,0.033,0.036,0.003
2020-03-19 22:22:55.794486,0.031,0.034,0.007
2020-03-19 22:23:53.030414,0.032,0.038,0.006
2020-03-19 22:24:50.274379,0.032,0.037,0.006
2020-03-19 22:25:47.518487,0.033,0.038,0.004
2020-03-19 22:26:44.762398,0.033,0.040,0.002
2020-03-19 22:27:42.006432,0.033,0.038,0.005
2020-03-19 22:28:39.250450,0.032,0.038,0.007
2020-03-19 22:29:36.494461,0.032,0.038,0.007
2020-03-19 22:30:33.742469,0.033,0.041,0.007
2020-03-19 22:31:30.986480,0.033,0.043,0.008
2020-03-19 22:32:28.230531,0.033,0.041,0.005
2020-03-19 22:33:25.474579,0.032,0.037,0.007
2020-03-19 22:34:22.718439,0.032,0.040,0.007
2020-03-19 22:35:19.962433,0.032,0.037,0.007
2020-03-19 22:36:17.206562,0.032,0.036,0.005
2020-03-19 22:37:14.450438,0.032,0.039,0.007
2020-03-19 22:38:11.702510,0.033,0.037,0.002
2020-03-19 22:39:08.946423,0.032,0.039,0.007
2020-03-19 22:40:06.190448,0.032,0.038,0.005
2020-03-19 22:41:03.434439,0.032,0.040,0.005
2020-03-19 22:42:00.678435,0.033,0.039,0.002
2020-03-19 22:42:57.922400,0.033,0.038,0.004
2020-03-19 22:43:55.154438,0.033,0.042,0.008
2020-03-19 22:44:52.398465,0.032,0.039,0.007
2020-03-19 22:45:49.642459,0.033,0.039,0.005
2020-03-19 22:46:46.886435,0.032,0.037,0.007
2020-03-19 22:47:44.130446,0.032,0.037,0.007
2020-03-19 22:48:41.374484,0.032,0.035,0.004
2020-03-19 22:49:38.618458,0.033,0.037,0.005
2020-03-19 22:50:35.862481,0.033,0.039,0.005
2020-03-19 22:51:33.110398,0.032,0.039,0.006
2020-03-19 22:52:30.352155,0.033,0.039,0.006
2020-03-19 22:53:27.594492,0.033,0.039,0.004
2020-03-19 22:54:24.838420,0.033,0.041,0.008
2020-03-19 22:55:22.070449,0.033,0.041,0.004
2020-03-19 22:56:19.314432,0.032,0.041,0.005
2020-03-19 22:57:16.558397,0.033,0.041,0.003
2020-03-19 22:58:13.802440,0.032,0.038,0.007
2020-03-19 22:59:11.038459,0.032,0.037,0.004
2020-03-19 23:00:08.282441,0.033,0.038,0.005
2020-03-19 23:01:05.526462,0.034,0.042,0.006
2020-03-19 23:02:02.770429,0.032,0.039,0.004
2020-03-19 23:03:00.018450,0.033,0.038,0.008
2020-03-19 23:03:57.232894,0.034,0.046,0.006
2020-03-19 23:04:54.474461,0.032,0.036,0.003
2020-03-19 23:05:51.718488,0.033,0.040,0.004
2020-03-19 23:06:48.962447,0.034,0.039,0.002
2020-03-19 23:07:46.206478,0.032,0.040,0.008
2020-03-19 23:08:43.450478,0.032,0.037,0.007
2020-03-19 23:09:40.694553,0.033,0.039,0.003
2020-03-19 23:10:37.938511,0.033,0.041,0.004
2020-03-19 23:11:35.174478,0.033,0.045,0.008
2020-03-19 23:12:32.418483,0.033,0.037,0.006
2020-03-19 23:13:29.662502,0.032,0.038,0.006
2020-03-19 23:14:26.906459,0.033,0.038,0.005
2020-03-19 23:15:24.150475,0.033,0.037,0.005
2020-03-19 23:16:21.398595,0.032,0.039,0.006
2020-03-19 23:17:18.642467,0.033,0.039,0.004
2020-03-19 23:18:15.886544,0.032,0.038,0.005
2020-03-19 23:19:13.130551,0.032,0.037,0.004
2020-03-19 23:20:10.374439,0.032,0.037,0.006
2020-03-19 23:21:07.618453,0.032,0.039,0.004
2020-03-19 23:22:04.862440,0.033,0.042,0.008
2020-03-19 23:23:02.106423,0.032,0.037,0.006
2020-03-19 23:23:59.350460,0.033,0.036,0.002
2020-03-19 23:24:56.594401,0.032,0.037,0.005
2020-03-19 23:25:53.838534,0.034,0.038,0.005
2020-03-19 23:26:51.070444,0.032,0.037,0.003
2020-03-19 23:27:48.314457,0.033,0.042,0.006
2020-03-19 23:28:45.558473,0.033,0.039,0.006
2020-03-19 23:29:42.802443,0.032,0.037,0.007
2020-03-19 23:30:40.034524,0.032,0.036,0.006
2020-03-19 23:31:37.278418,0.032,0.040,0.007
2020-03-19 23:32:34.526420,0.033,0.038,0.002
2020-03-19 23:33:31.770478,0.032,0.039,0.007
2020-03-19 23:34:29.014512,0.033,0.040,0.006
2020-03-19 23:35:26.258445,0.032,0.038,0.004
2020-03-19 23:36:23.502457,0.033,0.038,0.007
2020-03-19 23:37:20.750404,0.032,0.039,0.006
2020-03-19 23:38:17.994415,0.033,0.038,0.005
2020-03-19 23:39:15.234451,0.033,0.037,0.002
2020-03-19 23:40:12.478547,0.033,0.036,0.002
2020-03-19 23:41:09.722451,0.033,0.039,0.004
2020-03-19 23:42:06.966490,0.033,0.038,0.005
2020-03-19 23:43:04.197141,0.032,0.036,0.007
2020-03-19 23:44:01.438447,0.032,0.039,0.007
2020-03-19 23:44:58.682467,0.032,0.036,0.006
2020-03-19 23:45:55.926521,0.032,0.037,0.008
2020-03-19 23:46:53.156101,0.032,0.036,0.005
2020-03-19 23:47:50.398450,0.033,0.039,0.003
2020-03-19 23:48:47.642480,0.034,0.043,0.006
2020-03-19 23:49:44.886444,0.033,0.037,0.004
2020-03-19 23:50:42.130438,0.033,0.036,0.002
2020-03-19 23:51:39.374449,0.032,0.040,0.007
2020-03-19 23:52:36.618427,0.032,0.037,0.006
2020-03-19 23:53:33.862480,0.032,0.039,0.008
2020-03-19 23:54:31.106429,0.032,0.036,0.005
2020-03-19 23:55:28.350436,0.033,0.038,0.004
2020-03-19 23:56:25.594458,0.033,0.038,0.005
2020-03-19 23:57:22.838466,0.033,0.037,0.006
2020-03-19 23:58:20.070460,0.032,0.038,0.007
2020-03-19 23:59:17.314444,0.032,0.039,0.008
2020-03-20 00:00:14.562441,0.032,0.035,0.005
2020-03-20 00:01:11.810466,0.032,0.040,0.007
2020-03-20 00:02:09.046538,0.033,0.037,0.005
2020-03-20 00:03:06.290632,0.032,0.039,0.004
2020-03-20 00:04:03.534438,0.033,0.039,0.003
2020-03-20 00:05:00.778414,0.033,0.042,0.006
2020-03-20 00:05:58.022451,0.032,0.038,0.007
2020-03-20 00:06:55.266460,0.033,0.039,0.004
2020-03-20 00:07:52.510428,0.033,0.041,0.003
2020-03-20 00:08:49.754446,0.033,0.039,0.007
2020-03-20 00:09:46.998446,0.033,0.038,0.005
2020-03-20 00:10:44.242451,0.032,0.037,0.007
2020-03-20 00:11:41.486460,0.032,0.038,0.007
2020-03-20 00:12:38.730450,0.032,0.037,0.007
2020-03-20 00:13:35.974437,0.033,0.042,0.008
2020-03-20 00:14:33.218429,0.032,0.036,0.006
2020-03-20 00:15:30.462410,0.034,0.040,0.003
2020-03-20 00:16:27.706476,0.032,0.037,0.007
2020-03-20 00:17:24.950410,0.032,0.040,0.006
2020-03-20 00:18:22.194583,0.032,0.037,0.007
2020-03-20 00:19:19.442483,0.033,0.038,0.003
2020-03-20 00:20:16.686500,0.034,0.043,0.003
2020-03-20 00:21:13.930426,0.032,0.038,0.006
2020-03-20 00:22:11.166479,0.033,0.043,0.005
2020-03-20 00:23:08.410459,0.032,0.035,0.005
2020-03-20 00:24:05.654473,0.032,0.038,0.006
2020-03-20 00:25:02.898456,0.033,0.038,0.002
2020-03-20 00:26:00.142509,0.032,0.036,0.007
2020-03-20 00:26:57.386449,0.033,0.039,0.005
2020-03-20 00:27:54.630436,0.032,0.038,0.006
2020-03-20 00:28:51.874494,0.032,0.037,0.006
2020-03-20 00:29:49.118421,0.032,0.035,0.006
2020-03-20 00:30:46.352107,0.032,0.039,0.007
2020-03-20 00:31:43.594485,0.033,0.040,0.005
2020-03-20 00:32:40.838391,0.033,0.041,0.004
2020-03-20 00:33:38.070459,0.032,0.037,0.004
2020-03-20 00:34:35.314437,0.032,0.036,0.004
2020-03-20 00:35:32.558436,0.033,0.037,0.003
2020-03-20 00:36:29.802583,0.032,0.041,0.005
2020-03-20 00:37:27.034440,0.032,0.040,0.008
2020-03-20 00:38:24.278501,0.032,0.037,0.007
2020-03-20 00:39:21.522514,0.032,0.043,0.008
2020-03-20 00:40:18.766399,0.032,0.037,0.006
2020-03-20 00:41:16.014433,0.034,0.038,0.003
2020-03-20 00:42:13.258413,0.032,0.039,0.006
2020-03-20 00:43:10.506413,0.032,0.040,0.008
2020-03-20 00:44:07.750463,0.033,0.039,0.002
2020-03-20 00:45:04.998415,0.033,0.043,0.008
2020-03-20 00:46:02.242445,0.032,0.036,0.006
2020-03-20 00:46:59.486418,0.032,0.039,0.008
2020-03-20 00:47:56.730415,0.033,0.038,0.005
2020-03-20 00:48:53.974486,0.033,0.041,0.006
2020-03-20 00:49:51.218453,0.032,0.038,0.006
2020-03-20 00:50:48.462478,0.033,0.038,0.002
2020-03-20 00:51:45.706489,0.034,0.037,0.003
2020-03-20 00:52:42.950450,0.032,0.039,0.006
2020-03-20 00:53:40.194464,0.032,0.037,0.008
2020-03-20 00:54:37.438505,0.033,0.038,0.003
2020-03-20 00:55:34.660080,0.038,0.054,0.009
2020-03-20 00:56:31.902499,0.032,0.036,0.005
2020-03-20 00:57:29.146457,0.032,0.038,0.005
2020-03-20 00:58:26.390395,0.032,0.037,0.006
2020-03-20 00:59:23.646455,0.033,0.039,0.003
2020-03-20 01:00:20.890490,0.033,0.038,0.003
2020-03-20 01:01:18.134501,0.032,0.037,0.005
2020-03-20 01:02:15.378457,0.033,0.036,0.002
2020-03-20 01:03:12.622507,0.033,0.038,0.002
2020-03-20 01:04:09.866493,0.032,0.039,0.005
2020-03-20 01:05:07.106454,0.032,0.036,0.006
2020-03-20 01:06:04.350465,0.031,0.036,0.007
2020-03-20 01:07:01.594498,0.032,0.038,0.006
2020-03-20 01:07:58.838486,0.032,0.036,0.007
2020-03-20 01:08:56.070471,0.032,0.036,0.005
2020-03-20 01:09:53.314480,0.032,0.040,0.005
2020-03-20 01:10:50.558472,0.034,0.040,0.004
2020-03-20 01:11:47.802476,0.032,0.037,0.004
2020-03-20 01:12:45.038537,0.033,0.037,0.008
2020-03-20 01:13:42.282442,0.033,0.043,0.008
2020-03-20 01:14:39.526453,0.033,0.042,0.003
2020-03-20 01:15:36.770432,0.032,0.039,0.007
2020-03-20 01:16:34.014440,0.033,0.037,0.005
2020-03-20 01:17:31.258487,0.032,0.036,0.004
2020-03-20 01:18:28.502446,0.032,0.038,0.004
2020-03-20 01:19:25.746457,0.033,0.040,0.008
2020-03-20 01:20:22.990467,0.032,0.037,0.006
2020-03-20 01:21:20.238443,0.033,0.036,0.003
2020-03-20 01:22:17.482457,0.032,0.038,0.002
2020-03-20 01:23:14.726449,0.032,0.036,0.004
2020-03-20 01:24:11.970488,0.033,0.037,0.005
2020-03-20 01:25:09.214421,0.033,0.041,0.004
2020-03-20 01:26:06.458446,0.032,0.041,0.008
2020-03-20 01:27:03.702474,0.033,0.037,0.002
2020-03-20 01:28:00.946531,0.033,0.039,0.007
2020-03-20 01:28:58.190423,0.032,0.038,0.007
2020-03-20 01:29:55.434435,0.033,0.039,0.006
2020-03-20 01:30:52.678438,0.033,0.042,0.005
2020-03-20 01:31:49.922600,0.033,0.038,0.003
2020-03-20 01:32:47.158434,0.032,0.038,0.006
2020-03-20 01:33:44.402527,0.032,0.038,0.004
2020-03-20 01:34:41.646495,0.032,0.037,0.006
2020-03-20 01:35:38.868090,0.032,0.040,0.007
2020-03-20 01:36:36.110426,0.032,0.038,0.006
2020-03-20 01:37:33.354437,0.032,0.037,0.008
2020-03-20 01:38:30.602440,0.032,0.038,0.006
2020-03-20 01:39:27.846470,0.033,0.037,0.006
2020-03-20 01:40:25.078400,0.033,0.038,0.005
2020-03-20 01:41:22.322425,0.034,0.039,0.003
2020-03-20 01:42:19.718501,0.032,0.039,0.007
2020-03-20 01:43:16.962507,0.033,0.039,0.002
2020-03-20 01:44:14.322430,0.032,0.039,0.007
2020-03-20 01:45:11.562469,0.033,0.042,0.006
2020-03-20 01:46:08.806402,0.032,0.039,0.007
2020-03-20 01:47:06.042431,0.032,0.036,0.005
2020-03-20 01:48:03.286423,0.032,0.037,0.006
2020-03-20 01:49:00.530436,0.033,0.037,0.005
2020-03-20 01:49:57.774435,0.033,0.038,0.005
2020-03-20 01:50:55.018433,0.033,0.036,0.002
2020-03-20 01:51:52.262447,0.032,0.038,0.005
2020-03-20 01:52:49.506464,0.033,0.038,0.004
2020-03-20 01:53:46.750453,0.032,0.037,0.005
2020-03-20 01:54:43.994407,0.033,0.037,0.006
2020-03-20 01:55:41.238417,0.033,0.036,0.006
2020-03-20 01:56:38.482423,0.033,0.037,0.005
2020-03-20 01:57:35.726477,0.033,0.038,0.002
2020-03-20 01:58:32.970520,0.033,0.038,0.006
2020-03-20 01:59:30.214445,0.032,0.038,0.008
2020-03-20 02:00:27.458458,0.032,0.038,0.006
2020-03-20 02:01:24.702399,0.032,0.036,0.005
2020-03-20 02:02:21.946426,0.032,0.037,0.006
2020-03-20 02:03:19.190470,0.034,0.037,0.004
2020-03-20 02:04:16.434406,0.034,0.038,0.006
2020-03-20 02:05:13.678472,0.033,0.039,0.005
2020-03-20 02:06:10.922457,0.032,0.037,0.007
2020-03-20 02:07:08.158463,0.032,0.039,0.003
2020-03-20 02:08:05.402565,0.032,0.038,0.007
2020-03-20 02:09:02.646448,0.032,0.036,0.006
2020-03-20 02:09:59.890506,0.033,0.037,0.002
2020-03-20 02:10:57.134505,0.032,0.037,0.004
2020-03-20 02:11:54.378452,0.033,0.038,0.005
2020-03-20 02:12:51.622434,0.032,0.039,0.005
2020-03-20 02:13:48.866434,0.033,0.040,0.005
2020-03-20 02:14:46.106433,0.033,0.036,0.004
2020-03-20 02:15:43.350439,0.031,0.035,0.006
2020-03-20 02:16:40.594421,0.033,0.038,0.005
2020-03-20 02:17:37.838460,0.032,0.039,0.005
2020-03-20 02:18:35.070428,0.033,0.039,0.003
2020-03-20 02:19:32.314444,0.032,0.037,0.007
2020-03-20 02:20:29.558448,0.032,0.037,0.005
2020-03-20 02:21:26.802444,0.032,0.037,0.006
2020-03-20 02:22:24.026449,0.032,0.037,0.006
2020-03-20 02:23:21.270435,0.032,0.038,0.007
2020-03-20 02:24:18.514400,0.033,0.042,0.005
2020-03-20 02:25:15.758486,0.034,0.039,0.003
2020-03-20 02:26:13.002529,0.033,0.039,0.004
2020-03-20 02:27:10.246478,0.032,0.037,0.006
2020-03-20 02:28:07.490446,0.033,0.039,0.005
2020-03-20 02:29:04.734417,0.032,0.036,0.006
2020-03-20 02:30:01.972124,0.033,0.038,0.002
2020-03-20 02:30:59.214412,0.032,0.038,0.007
2020-03-20 02:31:56.458417,0.032,0.040,0.008
2020-03-20 02:32:53.700805,0.031,0.034,0.007
2020-03-20 02:33:50.942480,0.032,0.037,0.007
2020-03-20 02:34:48.178531,0.032,0.036,0.008
2020-03-20 02:35:45.422575,0.033,0.037,0.003
2020-03-20 02:36:42.666465,0.033,0.037,0.003
2020-03-20 02:37:39.910515,0.033,0.039,0.003
2020-03-20 02:38:37.150393,0.032,0.040,0.008
2020-03-20 02:39:34.394408,0.033,0.038,0.004
2020-03-20 02:40:31.638467,0.033,0.039,0.004
2020-03-20 02:41:28.882410,0.032,0.039,0.008
2020-03-20 02:42:26.126436,0.033,0.038,0.007
2020-03-20 02:43:23.370462,0.033,0.037,0.002
2020-03-20 02:44:20.614439,0.033,0.037,0.005
2020-03-20 02:45:17.858478,0.033,0.039,0.007
2020-03-20 02:46:15.102437,0.032,0.037,0.006
2020-03-20 02:47:12.346456,0.033,0.036,0.006
2020-03-20 02:48:09.594485,0.033,0.037,0.002
2020-03-20 02:49:06.838480,0.032,0.038,0.007
2020-03-20 02:50:04.070461,0.033,0.037,0.004
2020-03-20 02:51:01.314462,0.032,0.038,0.008
2020-03-20 02:51:58.562463,0.033,0.039,0.003
2020-03-20 02:52:55.806473,0.032,0.036,0.005
2020-03-20 02:53:53.042443,0.033,0.038,0.006
2020-03-20 02:54:50.286457,0.032,0.038,0.005
2020-03-20 02:55:47.530522,0.033,0.040,0.004
2020-03-20 02:56:44.774442,0.032,0.039,0.007
2020-03-20 02:57:42.018458,0.032,0.038,0.004
2020-03-20 02:58:39.262457,0.033,0.039,0.004
2020-03-20 02:59:36.506566,0.033,0.041,0.007
2020-03-20 03:00:33.750579,0.032,0.037,0.007
2020-03-20 03:01:30.994487,0.032,0.038,0.007
2020-03-20 03:02:28.242524,0.033,0.042,0.005
2020-03-20 03:03:25.486446,0.033,0.039,0.002
2020-03-20 03:04:22.730433,0.032,0.038,0.007
2020-03-20 03:05:19.974442,0.032,0.039,0.007
2020-03-20 03:06:17.218548,0.033,0.036,0.006
2020-03-20 03:07:14.462446,0.034,0.043,0.006
2020-03-20 03:08:11.706447,0.034,0.044,0.006
2020-03-20 03:09:08.950399,0.034,0.041,0.004
2020-03-20 03:10:06.188096,0.032,0.038,0.007
2020-03-20 03:11:03.430410,0.032,0.040,0.005
2020-03-20 03:12:00.674494,0.031,0.035,0.005
2020-03-20 03:12:57.918484,0.032,0.037,0.006
2020-03-20 03:13:55.154413,0.031,0.034,0.007
2020-03-20 03:14:52.398509,0.032,0.038,0.007
2020-03-20 03:15:49.642445,0.033,0.042,0.008
2020-03-20 03:16:46.886465,0.033,0.040,0.003
2020-03-20 03:17:44.130455,0.032,0.037,0.007
2020-03-20 03:18:41.374455,0.032,0.039,0.006
2020-03-20 03:19:38.618432,0.032,0.037,0.006
2020-03-20 03:20:35.862439,0.033,0.038,0.003
2020-03-20 03:21:33.102443,0.032,0.039,0.006
2020-03-20 03:22:30.346438,0.032,0.035,0.005
2020-03-20 03:23:27.590443,0.032,0.036,0.007
2020-03-20 03:24:24.834407,0.032,0.037,0.008
2020-03-20 03:25:22.066454,0.033,0.041,0.008
2020-03-20 03:26:19.310428,0.031,0.037,0.007
2020-03-20 03:27:16.554405,0.032,0.038,0.007
2020-03-20 03:28:13.798444,0.032,0.038,0.006
2020-03-20 03:29:11.034456,0.033,0.038,0.002
2020-03-20 03:30:08.278436,0.033,0.039,0.004
2020-03-20 03:31:05.522590,0.032,0.037,0.006
2020-03-20 03:32:02.766430,0.032,0.039,0.007
2020-03-20 03:33:00.010452,0.033,0.037,0.005
2020-03-20 03:33:57.250451,0.034,0.043,0.005
2020-03-20 03:34:54.494419,0.033,0.041,0.005
2020-03-20 03:35:51.738471,0.033,0.038,0.002
2020-03-20 03:36:48.986415,0.033,0.042,0.005
2020-03-20 03:37:46.230465,0.032,0.038,0.007
2020-03-20 03:38:43.474477,0.032,0.038,0.007
2020-03-20 03:39:40.718510,0.032,0.036,0.003
2020-03-20 03:40:37.966445,0.032,0.036,0.004
2020-03-20 03:41:35.210433,0.032,0.037,0.002
2020-03-20 03:42:32.454418,0.033,0.037,0.002
2020-03-20 03:43:29.774479,0.032,0.036,0.003
2020-03-20 03:44:27.018472,0.032,0.039,0.007
2020-03-20 03:45:24.262455,0.033,0.038,0.002
2020-03-20 03:46:21.506570,0.033,0.035,0.004
2020-03-20 03:47:18.750443,0.033,0.038,0.002
2020-03-20 03:48:15.994412,0.032,0.036,0.006
2020-03-20 03:49:13.238551,0.033,0.039,0.007
2020-03-20 03:50:10.482410,0.032,0.037,0.007
2020-03-20 03:51:07.726451,0.032,0.037,0.004
2020-03-20 03:52:04.970461,0.033,0.039,0.006
2020-03-20 03:53:02.214451,0.032,0.038,0.008
2020-03-20 03:53:59.458459,0.033,0.039,0.003
2020-03-20 03:54:56.702395,0.032,0.037,0.008
2020-03-20 03:55:53.946440,0.032,0.036,0.005
2020-03-20 03:56:51.190441,0.032,0.037,0.008
2020-03-20 03:57:48.434470,0.032,0.037,0.006
2020-03-20 03:58:45.678437,0.031,0.037,0.008
2020-03-20 03:59:42.922463,0.033,0.039,0.002
2020-03-20 04:00:40.154505,0.032,0.037,0.006
2020-03-20 04:01:37.398567,0.033,0.038,0.002
2020-03-20 04:02:34.642456,0.035,0.057,0.007
2020-03-20 04:03:31.886446,0.033,0.037,0.002
2020-03-20 04:04:29.134560,0.033,0.038,0.002
2020-03-20 04:05:26.352113,0.032,0.039,0.007
2020-03-20 04:06:23.594480,0.032,0.038,0.006
2020-03-20 04:07:20.838426,0.033,0.039,0.005
2020-03-20 04:08:18.070404,0.032,0.039,0.007
2020-03-20 04:09:15.314439,0.033,0.038,0.003
2020-03-20 04:10:12.558405,0.033,0.037,0.004
2020-03-20 04:11:09.802456,0.032,0.036,0.007
2020-03-20 04:12:07.026415,0.032,0.035,0.007
2020-03-20 04:13:04.270484,0.033,0.039,0.003
2020-03-20 04:14:01.514521,0.033,0.040,0.005
2020-03-20 04:14:58.758445,0.033,0.039,0.006
2020-03-20 04:15:56.002456,0.032,0.038,0.006
2020-03-20 04:16:53.246470,0.033,0.040,0.002
2020-03-20 04:17:50.472269,0.032,0.039,0.005
2020-03-20 04:18:47.714519,0.032,0.037,0.006
2020-03-20 04:19:44.958506,0.032,0.037,0.007
2020-03-20 04:20:42.202485,0.032,0.038,0.007
2020-03-20 04:21:39.446456,0.032,0.038,0.007
2020-03-20 04:22:36.690519,0.032,0.037,0.004
2020-03-20 04:23:33.934487,0.033,0.037,0.006
2020-03-20 04:24:31.170471,0.032,0.037,0.006
2020-03-20 04:25:28.418519,0.033,0.038,0.007
2020-03-20 04:26:25.652085,0.033,0.038,0.003
2020-03-20 04:27:22.894433,0.033,0.037,0.002
2020-03-20 04:28:20.138428,0.034,0.039,0.002
2020-03-20 04:29:17.386440,0.032,0.039,0.005
2020-03-20 04:30:14.630470,0.032,0.038,0.008
2020-03-20 04:31:11.874462,0.032,0.038,0.005
2020-03-20 04:32:09.118413,0.032,0.037,0.006
2020-03-20 04:33:06.362449,0.032,0.037,0.007
2020-03-20 04:34:03.606488,0.032,0.037,0.005
2020-03-20 04:35:00.850434,0.032,0.038,0.005
2020-03-20 04:35:58.090454,0.032,0.037,0.005
2020-03-20 04:36:55.334480,0.033,0.039,0.003
2020-03-20 04:37:52.578426,0.033,0.040,0.005
2020-03-20 04:38:49.822484,0.032,0.037,0.006
2020-03-20 04:39:47.058443,0.033,0.037,0.004
2020-03-20 04:40:44.302467,0.033,0.039,0.003
2020-03-20 04:41:41.546479,0.033,0.040,0.004
2020-03-20 04:42:38.790504,0.032,0.040,0.006
2020-03-20 04:43:36.004127,0.033,0.037,0.005
2020-03-20 04:44:33.246467,0.035,0.051,0.007
2020-03-20 04:45:30.490516,0.032,0.037,0.004
2020-03-20 04:46:27.738450,0.031,0.037,0.007
2020-03-20 04:47:24.982447,0.033,0.041,0.007
2020-03-20 04:48:22.226480,0.032,0.037,0.007
2020-03-20 04:49:19.470478,0.032,0.039,0.005
2020-03-20 04:50:16.714444,0.032,0.036,0.006
2020-03-20 04:51:13.958510,0.032,0.039,0.006
2020-03-20 04:52:11.202458,0.032,0.037,0.007
2020-03-20 04:53:08.446493,0.032,0.039,0.008
2020-03-20 04:54:05.690437,0.032,0.036,0.007
2020-03-20 04:55:02.934457,0.032,0.038,0.005
2020-03-20 04:56:00.170426,0.032,0.038,0.007
2020-03-20 04:56:57.414434,0.033,0.037,0.004
2020-03-20 04:57:54.658417,0.032,0.037,0.005
2020-03-20 04:58:51.902485,0.032,0.038,0.007
2020-03-20 04:59:49.146411,0.032,0.037,0.004
2020-03-20 05:00:46.390453,0.033,0.041,0.004
2020-03-20 05:01:43.634474,0.032,0.035,0.006
2020-03-20 05:02:40.886435,0.033,0.040,0.003
2020-03-20 05:03:38.130437,0.032,0.038,0.004
2020-03-20 05:04:35.374444,0.032,0.037,0.004
2020-03-20 05:05:32.618402,0.032,0.038,0.006
2020-03-20 05:06:29.862452,0.032,0.038,0.003
2020-03-20 05:07:27.110428,0.032,0.037,0.007
2020-03-20 05:08:24.354434,0.032,0.038,0.003
2020-03-20 05:09:21.602456,0.033,0.044,0.007
2020-03-20 05:10:18.846487,0.033,0.041,0.005
2020-03-20 05:11:16.078447,0.032,0.037,0.007
2020-03-20 05:12:13.322442,0.032,0.037,0.005
2020-03-20 05:13:10.566461,0.032,0.036,0.006
2020-03-20 05:14:07.810435,0.032,0.037,0.007
2020-03-20 05:15:05.042391,0.033,0.041,0.006
2020-03-20 05:16:02.286418,0.032,0.038,0.005
2020-03-20 05:16:59.530430,0.032,0.037,0.006
2020-03-20 05:17:56.774454,0.031,0.036,0.007
2020-03-20 05:18:54.004081,0.032,0.037,0.004
2020-03-20 05:19:51.246450,0.032,0.037,0.006
2020-03-20 05:20:48.490481,0.032,0.039,0.007
2020-03-20 05:21:45.734469,0.032,0.037,0.007
2020-03-20 05:22:42.974473,0.032,0.038,0.007
2020-03-20 05:23:40.218441,0.032,0.036,0.007
2020-03-20 05:24:37.462441,0.032,0.036,0.006
2020-03-20 05:25:34.706481,0.032,0.040,0.006
2020-03-20 05:26:31.954493,0.032,0.037,0.005
2020-03-20 05:27:29.198426,0.033,0.041,0.008
2020-03-20 05:28:26.442443,0.033,0.040,0.006
2020-03-20 05:29:23.690472,0.032,0.036,0.004
2020-03-20 05:30:20.934438,0.033,0.038,0.004
2020-03-20 05:31:18.156088,0.033,0.036,0.005
2020-03-20 05:32:15.398443,0.032,0.037,0.006
2020-03-20 05:33:12.642422,0.031,0.036,0.007
2020-03-20 05:34:09.886401,0.033,0.038,0.002
2020-03-20 05:35:07.130428,0.033,0.037,0.006
2020-03-20 05:36:04.374449,0.033,0.037,0.005
2020-03-20 05:37:01.618478,0.033,0.039,0.003
2020-03-20 05:37:58.862462,0.033,0.039,0.003
2020-03-20 05:38:56.106439,0.033,0.038,0.007
2020-03-20 05:39:53.350443,0.032,0.038,0.008
2020-03-20 05:40:50.598477,0.032,0.040,0.006
2020-03-20 05:41:47.842448,0.032,0.039,0.006
2020-03-20 05:42:45.074414,0.033,0.036,0.002
2020-03-20 05:43:42.318456,0.032,0.037,0.005
2020-03-20 05:44:39.562453,0.032,0.040,0.008
2020-03-20 05:45:36.806402,0.032,0.038,0.005
2020-03-20 05:46:34.042434,0.033,0.039,0.003
2020-03-20 05:47:31.286435,0.033,0.037,0.002
2020-03-20 05:48:28.530473,0.034,0.036,0.002
2020-03-20 05:49:25.778450,0.033,0.038,0.002
2020-03-20 05:50:23.004085,0.032,0.037,0.007
2020-03-20 05:51:20.246432,0.031,0.036,0.007
2020-03-20 05:52:17.490460,0.032,0.038,0.007
2020-03-20 05:53:14.734468,0.032,0.039,0.006
2020-03-20 05:54:11.978493,0.033,0.037,0.002
2020-03-20 05:55:09.222420,0.032,0.038,0.004
2020-03-20 05:56:06.466469,0.033,0.037,0.002
2020-03-20 05:57:03.710483,0.032,0.041,0.007
2020-03-20 05:58:00.954480,0.033,0.036,0.005
2020-03-20 05:58:58.198434,0.032,0.038,0.008
2020-03-20 05:59:55.442442,0.033,0.037,0.003
2020-03-20 06:00:52.690437,0.032,0.038,0.007
2020-03-20 06:01:49.934492,0.033,0.038,0.004
2020-03-20 06:02:47.170449,0.032,0.038,0.006
2020-03-20 06:03:44.414470,0.033,0.036,0.003
2020-03-20 06:04:41.658457,0.033,0.037,0.003
2020-03-20 06:05:38.902484,0.032,0.038,0.006
2020-03-20 06:06:36.142449,0.032,0.039,0.005
2020-03-20 06:07:33.386456,0.032,0.038,0.007
2020-03-20 06:08:30.630461,0.032,0.035,0.006
2020-03-20 06:09:27.874508,0.034,0.039,0.003
2020-03-20 06:10:25.118420,0.032,0.037,0.007
2020-03-20 06:11:22.362437,0.032,0.040,0.007
2020-03-20 06:12:19.606458,0.032,0.036,0.005
2020-03-20 06:13:16.850545,0.033,0.038,0.003
2020-03-20 06:14:14.072184,0.032,0.037,0.006
2020-03-20 06:15:11.314456,0.032,0.036,0.007
2020-03-20 06:16:08.558428,0.032,0.038,0.003
2020-03-20 06:17:05.802612,0.032,0.038,0.007
2020-03-20 06:18:03.042448,0.032,0.039,0.008
2020-03-20 06:19:00.286519,0.032,0.038,0.006
2020-03-20 06:19:57.530463,0.033,0.039,0.006
2020-03-20 06:20:54.774461,0.032,0.037,0.008
2020-03-20 06:21:52.018504,0.032,0.038,0.007
2020-03-20 06:22:49.262429,0.032,0.038,0.007
2020-03-20 06:23:46.510429,0.032,0.041,0.006
2020-03-20 06:24:43.754426,0.032,0.037,0.008
2020-03-20 06:25:40.998425,0.032,0.038,0.006
2020-03-20 06:26:38.242443,0.032,0.036,0.007
2020-03-20 06:27:35.486499,0.033,0.037,0.005
2020-03-20 06:28:32.730520,0.032,0.037,0.007
2020-03-20 06:29:29.974666,0.032,0.037,0.006
2020-03-20 06:30:27.218472,0.031,0.036,0.007
2020-03-20 06:31:24.462440,0.033,0.039,0.005
2020-03-20 06:32:21.706473,0.033,0.039,0.002
2020-03-20 06:33:18.950450,0.037,0.061,0.012
2020-03-20 06:34:16.194483,0.038,0.057,0.012
2020-03-20 06:35:13.438449,0.033,0.038,0.002
2020-03-20 06:36:10.682487,0.032,0.037,0.006
2020-03-20 06:37:07.926478,0.032,0.037,0.005
2020-03-20 06:38:05.162456,0.033,0.039,0.004
2020-03-20 06:39:02.406487,0.033,0.040,0.006
2020-03-20 06:39:59.650504,0.032,0.037,0.007
2020-03-20 06:40:56.894436,0.032,0.040,0.008
2020-03-20 06:41:54.146449,0.033,0.038,0.002
2020-03-20 06:42:51.390477,0.033,0.038,0.002
2020-03-20 06:43:48.634470,0.032,0.037,0.006
2020-03-20 06:44:45.878516,0.033,0.039,0.002
2020-03-20 06:45:43.122452,0.032,0.038,0.006
2020-03-20 06:46:40.366433,0.032,0.036,0.004
2020-03-20 06:47:37.599655,0.032,0.038,0.003
2020-03-20 06:48:34.842441,0.032,0.037,0.003
2020-03-20 06:49:32.074523,0.033,0.037,0.003
2020-03-20 06:50:29.318424,0.032,0.038,0.003
2020-03-20 06:51:26.562436,0.033,0.040,0.004
2020-03-20 06:52:23.806427,0.047,0.058,0.013
2020-03-20 06:53:21.038429,0.032,0.037,0.007
2020-03-20 06:54:18.282435,0.040,0.061,0.012
2020-03-20 06:55:15.526454,0.042,0.057,0.011
2020-03-20 06:56:12.770458,0.033,0.040,0.006
2020-03-20 06:57:10.014483,0.032,0.038,0.004
2020-03-20 06:58:07.258461,0.032,0.038,0.005
2020-03-20 06:59:04.502529,0.032,0.038,0.007
2020-03-20 07:00:01.746379,0.032,0.039,0.007
2020-03-20 07:00:58.990459,0.032,0.041,0.008
2020-03-20 07:01:56.234501,0.033,0.037,0.002
2020-03-20 07:02:53.478502,0.032,0.037,0.005
2020-03-20 07:03:50.722430,0.033,0.036,0.003
2020-03-20 07:04:47.966438,0.032,0.036,0.006
2020-03-20 07:05:45.210458,0.032,0.039,0.007
2020-03-20 07:06:42.454519,0.032,0.036,0.006
2020-03-20 07:07:39.698466,0.032,0.037,0.002
2020-03-20 07:08:36.942383,0.032,0.039,0.006
2020-03-20 07:09:34.178467,0.032,0.037,0.007
2020-03-20 07:10:31.422449,0.032,0.038,0.007
2020-03-20 07:11:28.660085,0.032,0.038,0.005
2020-03-20 07:12:25.902473,0.032,0.039,0.007
2020-03-20 07:13:23.142447,0.033,0.038,0.005
2020-03-20 07:14:20.386487,0.032,0.037,0.004
2020-03-20 07:15:17.630504,0.032,0.039,0.006
2020-03-20 07:16:14.874473,0.033,0.040,0.004
2020-03-20 07:17:12.118428,0.033,0.037,0.002
2020-03-20 07:18:09.362433,0.033,0.040,0.003
2020-03-20 07:19:06.606452,0.032,0.039,0.003
2020-03-20 07:20:03.850436,0.032,0.036,0.006
2020-03-20 07:21:01.090396,0.033,0.037,0.004
2020-03-20 07:21:58.334436,0.033,0.039,0.004
2020-03-20 07:22:55.578433,0.032,0.037,0.004
2020-03-20 07:23:52.822420,0.033,0.041,0.004
2020-03-20 07:24:50.058441,0.033,0.038,0.002
2020-03-20 07:25:47.302436,0.032,0.038,0.005
2020-03-20 07:26:44.546404,0.033,0.037,0.005
2020-03-20 07:27:41.790472,0.032,0.042,0.008
2020-03-20 07:28:39.004120,0.033,0.037,0.003
2020-03-20 07:29:36.246424,0.032,0.038,0.006
2020-03-20 07:30:33.490428,0.032,0.039,0.007
2020-03-20 07:31:30.738439,0.033,0.038,0.002
2020-03-20 07:32:27.982415,0.033,0.041,0.004
2020-03-20 07:33:25.226415,0.032,0.038,0.005
2020-03-20 07:34:22.470444,0.033,0.041,0.007
2020-03-20 07:35:19.714458,0.032,0.037,0.006
2020-03-20 07:36:16.958416,0.033,0.040,0.002
2020-03-20 07:37:14.202428,0.032,0.038,0.005
2020-03-20 07:38:11.446423,0.032,0.037,0.007
2020-03-20 07:39:08.690420,0.033,0.037,0.004
2020-03-20 07:40:05.934468,0.032,0.038,0.007
2020-03-20 07:41:03.166429,0.033,0.038,0.003
2020-03-20 07:42:00.410452,0.032,0.036,0.006
2020-03-20 07:42:57.654454,0.032,0.039,0.006
2020-03-20 07:43:54.898477,0.033,0.037,0.004
2020-03-20 07:44:52.142442,0.032,0.035,0.004
2020-03-20 07:45:49.386434,0.033,0.039,0.004
2020-03-20 07:46:46.630439,0.033,0.038,0.003
2020-03-20 07:47:43.874459,0.032,0.039,0.007
2020-03-20 07:48:41.118421,0.033,0.035,0.004
2020-03-20 07:49:38.362424,0.033,0.038,0.005
2020-03-20 07:50:35.606453,0.033,0.038,0.006
2020-03-20 07:51:32.850415,0.032,0.042,0.008
2020-03-20 07:52:30.090439,0.033,0.037,0.008
2020-03-20 07:53:27.334443,0.032,0.037,0.007
2020-03-20 07:54:24.578389,0.032,0.036,0.007
2020-03-20 07:55:21.822475,0.032,0.038,0.006
2020-03-20 07:56:19.058411,0.032,0.041,0.007
2020-03-20 07:57:16.302447,0.032,0.037,0.005
2020-03-20 07:58:13.546466,0.031,0.035,0.007
2020-03-20 07:59:10.790457,0.032,0.038,0.006
2020-03-20 08:00:08.004122,0.032,0.037,0.007
2020-03-20 08:01:05.246408,0.033,0.036,0.004
2020-03-20 08:02:02.490437,0.033,0.038,0.003
2020-03-20 08:02:59.734454,0.031,0.037,0.007
2020-03-20 08:03:56.966426,0.032,0.038,0.003
2020-03-20 08:04:54.210409,0.032,0.036,0.007
2020-03-20 08:05:51.454452,0.032,0.038,0.007
2020-03-20 08:06:48.698415,0.033,0.040,0.005
2020-03-20 08:07:45.942402,0.032,0.038,0.007
2020-03-20 08:08:43.178417,0.032,0.037,0.004
2020-03-20 08:09:40.422446,0.032,0.038,0.003
2020-03-20 08:10:37.666443,0.033,0.037,0.003
2020-03-20 08:11:34.910461,0.032,0.036,0.007
2020-03-20 08:12:32.150423,0.032,0.038,0.008
2020-03-20 08:13:29.394428,0.033,0.039,0.003
2020-03-20 08:14:26.638469,0.032,0.038,0.007
2020-03-20 08:15:23.882420,0.032,0.036,0.006
2020-03-20 08:16:21.134396,0.033,0.038,0.007
2020-03-20 08:17:18.386453,0.033,0.039,0.004
2020-03-20 08:18:15.630473,0.032,0.037,0.006
2020-03-20 08:19:12.874425,0.032,0.039,0.006
2020-03-20 08:20:10.118452,0.033,0.038,0.005
2020-03-20 08:21:07.358468,0.033,0.037,0.003
2020-03-20 08:22:04.602419,0.033,0.039,0.003
2020-03-20 08:23:01.898455,0.033,0.037,0.002
2020-03-20 08:23:59.138448,0.032,0.036,0.007
2020-03-20 08:24:56.382447,0.032,0.039,0.006
2020-03-20 08:25:53.626469,0.032,0.038,0.002
2020-03-20 08:26:50.870452,0.032,0.038,0.007
2020-03-20 08:27:48.110447,0.032,0.036,0.006
2020-03-20 08:28:45.354460,0.033,0.037,0.002
2020-03-20 08:29:42.598461,0.033,0.038,0.002
2020-03-20 08:30:39.842494,0.032,0.038,0.007
2020-03-20 08:31:37.074440,0.033,0.040,0.003
2020-03-20 08:32:34.318411,0.033,0.037,0.003
2020-03-20 08:33:31.562465,0.033,0.040,0.007
2020-03-20 08:34:28.806483,0.033,0.039,0.006
2020-03-20 08:35:26.020076,0.033,0.039,0.006
2020-03-20 08:36:23.262442,0.032,0.037,0.005
2020-03-20 08:37:20.506475,0.033,0.038,0.003
2020-03-20 08:38:17.750460,0.032,0.037,0.007
2020-03-20 08:39:14.998464,0.033,0.037,0.005
2020-03-20 08:40:12.242434,0.032,0.036,0.007
2020-03-20 08:41:09.486409,0.032,0.038,0.007
2020-03-20 08:42:06.730428,0.033,0.041,0.006
2020-03-20 08:43:03.974420,0.032,0.037,0.007
2020-03-20 08:44:01.222416,0.032,0.037,0.007
2020-03-20 08:44:58.466408,0.033,0.040,0.005
2020-03-20 08:45:55.710442,0.036,0.042,0.006
2020-03-20 08:46:52.954390,0.033,0.040,0.002
2020-03-20 08:47:50.194435,0.033,0.038,0.004
2020-03-20 08:48:47.438429,0.032,0.036,0.006
2020-03-20 08:49:44.682393,0.033,0.036,0.006
2020-03-20 08:50:41.926437,0.033,0.038,0.005
2020-03-20 08:51:39.162428,0.034,0.041,0.005
2020-03-20 08:52:36.406420,0.033,0.039,0.007
2020-03-20 08:53:33.650421,0.033,0.040,0.004
2020-03-20 08:54:30.894388,0.034,0.042,0.006
2020-03-20 08:55:28.138433,0.033,0.038,0.004
2020-03-20 08:56:25.382409,0.033,0.038,0.005
2020-03-20 08:57:22.626409,0.033,0.041,0.006
2020-03-20 08:58:19.870446,0.032,0.039,0.008
2020-03-20 08:59:17.114399,0.032,0.038,0.006
2020-03-20 09:00:14.358395,0.033,0.039,0.004
2020-03-20 09:01:11.602429,0.033,0.042,0.007
2020-03-20 09:02:08.846367,0.033,0.040,0.007
2020-03-20 09:03:06.078401,0.033,0.039,0.005
2020-03-20 09:04:03.322425,0.032,0.037,0.006
2020-03-20 09:05:00.566404,0.034,0.045,0.009
2020-03-20 09:05:57.810454,0.033,0.039,0.005
2020-03-20 09:06:55.050406,0.033,0.038,0.004
2020-03-20 09:07:52.294402,0.034,0.039,0.003
2020-03-20 09:08:49.538401,0.033,0.040,0.006
2020-03-20 09:09:46.782444,0.033,0.042,0.004
2020-03-20 09:10:44.004124,0.034,0.040,0.004
2020-03-20 09:11:41.246404,0.033,0.039,0.007
2020-03-20 09:12:38.490443,0.033,0.039,0.007
2020-03-20 09:13:35.734450,0.033,0.038,0.005
2020-03-20 09:14:32.978436,0.033,0.041,0.006
2020-03-20 09:15:30.222383,0.033,0.037,0.005
2020-03-20 09:16:27.466418,0.032,0.037,0.007
2020-03-20 09:17:24.714395,0.033,0.039,0.007
2020-03-20 09:18:21.958458,0.032,0.039,0.008
2020-03-20 09:19:19.202431,0.033,0.041,0.005
2020-03-20 09:20:16.446415,0.033,0.043,0.007
2020-03-20 09:21:13.690434,0.033,0.041,0.006
2020-03-20 09:22:10.938433,0.032,0.037,0.005
2020-03-20 09:23:08.174414,0.033,0.039,0.002
2020-03-20 09:24:05.418428,0.033,0.040,0.005
2020-03-20 09:25:02.662443,0.033,0.041,0.006
2020-03-20 09:25:59.906444,0.034,0.043,0.003
2020-03-20 09:26:57.146386,0.033,0.039,0.005
2020-03-20 09:27:54.390444,0.033,0.038,0.007
2020-03-20 09:28:51.634423,0.033,0.037,0.003
2020-03-20 09:29:48.878423,0.033,0.040,0.004
2020-03-20 09:30:46.118423,0.033,0.037,0.004
2020-03-20 09:31:43.362429,0.034,0.040,0.007
2020-03-20 09:32:40.610398,0.033,0.040,0.007
2020-03-20 09:33:37.854408,0.033,0.041,0.007
2020-03-20 09:34:35.094369,0.033,0.039,0.006
2020-03-20 09:35:32.338451,0.033,0.039,0.005
2020-03-20 09:36:29.582394,0.033,0.040,0.005
2020-03-20 09:37:26.826427,0.033,0.043,0.007
2020-03-20 09:38:24.062381,0.033,0.040,0.004
2020-03-20 09:39:21.306387,0.033,0.038,0.006
2020-03-20 09:40:18.550378,0.033,0.042,0.008
2020-03-20 09:41:15.794518,0.033,0.037,0.005
2020-03-20 09:42:13.034429,0.033,0.040,0.005
2020-03-20 09:43:10.282369,0.033,0.038,0.004
2020-03-20 09:44:07.526387,0.033,0.038,0.007
2020-03-20 09:45:04.770383,0.033,0.041,0.006
2020-03-20 09:46:01.992127,0.033,0.039,0.005
2020-03-20 09:46:59.234424,0.033,0.038,0.007
2020-03-20 09:47:56.478405,0.033,0.039,0.006
2020-03-20 09:48:53.722392,0.034,0.042,0.006
2020-03-20 09:49:50.966405,0.033,0.040,0.008
2020-03-20 09:50:48.210378,0.033,0.037,0.007
2020-03-20 09:51:45.454518,0.033,0.038,0.006
2020-03-20 09:52:42.698416,0.033,0.039,0.008
2020-03-20 09:53:39.942423,0.033,0.039,0.006
2020-03-20 09:54:37.182389,0.032,0.037,0.007
2020-03-20 09:55:34.426373,0.033,0.038,0.003
2020-03-20 09:56:31.670430,0.033,0.042,0.006
2020-03-20 09:57:28.914405,0.033,0.040,0.005
2020-03-20 09:58:26.154413,0.032,0.037,0.006
2020-03-20 09:59:23.398458,0.033,0.039,0.008
2020-03-20 10:00:20.642382,0.032,0.039,0.007
2020-03-20 10:01:17.886442,0.032,0.037,0.005
2020-03-20 10:02:15.130466,0.034,0.037,0.002
2020-03-20 10:03:12.374435,0.032,0.038,0.006
2020-03-20 10:04:09.618437,0.033,0.038,0.004
2020-03-20 10:05:06.862423,0.032,0.041,0.005
2020-03-20 10:06:04.106440,0.033,0.038,0.006
2020-03-20 10:07:01.350428,0.033,0.040,0.006
2020-03-20 10:07:58.594425,0.032,0.040,0.008
2020-03-20 10:08:55.838404,0.033,0.040,0.008
2020-03-20 10:09:53.070530,0.033,0.042,0.006
2020-03-20 10:10:50.314460,0.033,0.037,0.004
2020-03-20 10:11:47.558459,0.033,0.038,0.005
2020-03-20 10:12:44.802444,0.034,0.042,0.007
2020-03-20 10:13:42.038591,0.033,0.041,0.005
2020-03-20 10:14:39.282486,0.033,0.037,0.002
2020-03-20 10:15:36.534454,0.033,0.040,0.006
2020-03-20 10:16:33.778456,0.032,0.036,0.007
2020-03-20 10:17:31.022406,0.033,0.040,0.002
2020-03-20 10:18:28.266435,0.033,0.037,0.005
2020-03-20 10:19:25.510443,0.035,0.041,0.003
2020-03-20 10:20:22.754405,0.033,0.041,0.008
2020-03-20 10:21:19.998497,0.032,0.037,0.006
2020-03-20 10:22:17.242525,0.032,0.038,0.007
2020-03-20 10:23:14.486386,0.033,0.038,0.007
2020-03-20 10:24:11.730410,0.034,0.040,0.002
2020-03-20 10:25:08.974488,0.033,0.041,0.005
2020-03-20 10:26:06.218398,0.033,0.039,0.007
2020-03-20 10:27:03.462469,0.033,0.040,0.004
2020-03-20 10:28:00.710401,0.033,0.039,0.005
2020-03-20 10:28:57.954400,0.032,0.038,0.007
2020-03-20 10:29:55.210429,0.033,0.039,0.007
2020-03-20 10:30:52.454413,0.032,0.037,0.007
2020-03-20 10:31:49.698480,0.033,0.041,0.008
2020-03-20 10:32:46.942427,0.033,0.040,0.003
2020-03-20 10:33:44.178403,0.033,0.039,0.007
2020-03-20 10:34:41.422414,0.033,0.041,0.006
2020-03-20 10:35:38.666429,0.033,0.038,0.005
2020-03-20 10:36:35.910449,0.032,0.037,0.007
2020-03-20 10:37:33.150404,0.032,0.038,0.006
2020-03-20 10:38:30.394451,0.033,0.039,0.003
2020-03-20 10:39:27.638422,0.033,0.037,0.004
2020-03-20 10:40:24.860090,0.034,0.046,0.005
2020-03-20 10:41:22.102392,0.033,0.038,0.004
2020-03-20 10:42:19.346440,0.033,0.039,0.006
2020-03-20 10:43:16.594404,0.033,0.039,0.005
2020-03-20 10:44:13.838455,0.032,0.039,0.007
2020-03-20 10:45:11.070438,0.033,0.038,0.004
2020-03-20 10:46:08.314404,0.032,0.036,0.005
2020-03-20 10:47:05.558411,0.033,0.039,0.005
2020-03-20 10:48:02.802432,0.032,0.037,0.005
2020-03-20 10:49:00.034473,0.033,0.041,0.004
2020-03-20 10:49:57.278405,0.032,0.038,0.008
2020-03-20 10:50:54.522402,0.033,0.039,0.005
2020-03-20 10:51:51.766431,0.033,0.040,0.006
2020-03-20 10:52:49.010394,0.032,0.037,0.007
2020-03-20 10:53:46.232100,0.032,0.039,0.007
2020-03-20 10:54:43.474460,0.033,0.040,0.005
2020-03-20 10:55:40.718431,0.032,0.037,0.007
2020-03-20 10:56:37.962403,0.033,0.041,0.006
2020-03-20 10:57:35.206437,0.033,0.037,0.006
2020-03-20 10:58:32.450447,0.032,0.039,0.005
2020-03-20 10:59:29.694403,0.033,0.041,0.005
2020-03-20 11:00:26.938432,0.034,0.041,0.005
2020-03-20 11:01:24.174500,0.033,0.038,0.007
2020-03-20 11:02:21.418553,0.033,0.041,0.006
2020-03-20 11:03:18.662425,0.032,0.038,0.006
2020-03-20 11:04:15.906461,0.032,0.041,0.007
2020-03-20 11:05:13.150503,0.032,0.039,0.008
2020-03-20 11:06:10.392098,0.032,0.037,0.007
2020-03-20 11:07:07.634455,0.032,0.038,0.005
2020-03-20 11:08:04.878397,0.033,0.040,0.008
2020-03-20 11:09:02.118429,0.032,0.036,0.007
2020-03-20 11:09:59.362469,0.032,0.037,0.004
2020-03-20 11:10:56.606487,0.033,0.039,0.006
2020-03-20 11:11:53.850454,0.033,0.039,0.005
2020-03-20 11:12:51.086431,0.033,0.039,0.003
2020-03-20 11:13:48.330476,0.033,0.039,0.003
2020-03-20 11:14:45.574382,0.032,0.039,0.008
2020-03-20 11:15:42.818401,0.032,0.038,0.005
2020-03-20 11:16:40.050472,0.033,0.039,0.007
2020-03-20 11:17:37.294462,0.033,0.038,0.004
2020-03-20 11:18:34.538497,0.032,0.038,0.007
2020-03-20 11:19:31.782478,0.032,0.039,0.007
2020-03-20 11:20:29.026501,0.033,0.037,0.002
2020-03-20 11:21:26.270460,0.032,0.040,0.007
2020-03-20 11:22:23.514461,0.032,0.038,0.007
2020-03-20 11:23:20.758455,0.033,0.040,0.002
2020-03-20 11:24:17.992157,0.033,0.040,0.006
2020-03-20 11:25:15.234509,0.033,0.038,0.006
2020-03-20 11:26:12.478409,0.032,0.036,0.007
2020-03-20 11:27:09.722449,0.032,0.039,0.005
2020-03-20 11:28:06.966449,0.033,0.039,0.004
2020-03-20 11:29:04.210423,0.032,0.037,0.005
2020-03-20 11:30:01.454435,0.033,0.040,0.006
2020-03-20 11:30:58.706443,0.033,0.040,0.006
2020-03-20 11:31:55.950454,0.032,0.038,0.007
2020-03-20 11:32:53.194709,0.032,0.038,0.006
2020-03-20 11:33:50.438455,0.033,0.042,0.006
2020-03-20 11:34:47.690459,0.033,0.038,0.006
2020-03-20 11:35:44.934429,0.033,0.039,0.006
2020-03-20 11:36:42.156080,0.032,0.039,0.005
2020-03-20 11:37:39.398435,0.033,0.041,0.008
2020-03-20 11:38:36.642385,0.033,0.039,0.002
2020-03-20 11:39:33.886441,0.032,0.038,0.004
2020-03-20 11:40:31.130426,0.032,0.037,0.006
2020-03-20 11:41:28.374425,0.032,0.037,0.007
2020-03-20 11:42:25.618446,0.033,0.040,0.007
2020-03-20 11:43:22.862464,0.033,0.040,0.003
2020-03-20 11:44:20.102508,0.032,0.036,0.006
2020-03-20 11:45:17.346462,0.033,0.039,0.005
2020-03-20 11:46:14.590436,0.032,0.039,0.005
2020-03-20 11:47:11.834423,0.032,0.038,0.003
2020-03-20 11:48:09.066427,0.032,0.038,0.007
2020-03-20 11:49:06.310404,0.032,0.037,0.007
2020-03-20 11:50:03.554426,0.032,0.036,0.007
2020-03-20 11:51:00.798432,0.032,0.039,0.007
2020-03-20 11:51:58.034440,0.033,0.038,0.003
2020-03-20 11:52:55.278434,0.033,0.036,0.004
2020-03-20 11:53:52.522502,0.032,0.037,0.006
2020-03-20 11:54:49.766480,0.033,0.040,0.005
2020-03-20 11:55:47.010497,0.032,0.036,0.007
2020-03-20 11:56:44.254426,0.033,0.038,0.005
2020-03-20 11:57:41.498593,0.032,0.039,0.004
2020-03-20 11:58:38.742434,0.032,0.043,0.008
2020-03-20 11:59:35.986450,0.033,0.039,0.004
2020-03-20 12:00:33.230452,0.033,0.037,0.002
2020-03-20 12:01:30.474449,0.033,0.039,0.006
2020-03-20 12:02:27.718446,0.033,0.038,0.004
2020-03-20 12:03:24.962437,0.033,0.038,0.005
2020-03-20 12:04:22.206473,0.033,0.038,0.006
2020-03-20 12:05:19.450495,0.032,0.037,0.006
2020-03-20 12:06:16.694521,0.032,0.037,0.005
2020-03-20 12:07:13.946594,0.032,0.037,0.006
2020-03-20 12:08:11.190499,0.032,0.037,0.005
2020-03-20 12:09:08.434557,0.033,0.038,0.005
2020-03-20 12:10:05.678496,0.033,0.037,0.005
2020-03-20 12:11:02.922489,0.033,0.037,0.004
2020-03-20 12:12:00.156096,0.032,0.036,0.006
2020-03-20 12:12:57.398457,0.033,0.037,0.005
2020-03-20 12:13:54.642496,0.034,0.042,0.003
2020-03-20 12:14:51.886470,0.033,0.038,0.005
2020-03-20 12:15:49.138488,0.033,0.038,0.006
2020-03-20 12:16:46.382546,0.032,0.039,0.008
2020-03-20 12:17:43.626515,0.032,0.037,0.003
2020-03-20 12:18:40.870533,0.033,0.042,0.006
2020-03-20 12:19:38.114465,0.032,0.039,0.006
2020-03-20 12:20:35.358522,0.033,0.040,0.007
2020-03-20 12:21:32.602483,0.033,0.040,0.004
2020-03-20 12:22:29.846431,0.032,0.040,0.005
2020-03-20 12:23:27.090466,0.033,0.038,0.004
2020-03-20 12:24:24.334494,0.033,0.037,0.004
2020-03-20 12:25:21.578573,0.033,0.039,0.006
2020-03-20 12:26:18.822453,0.033,0.040,0.006
2020-03-20 12:27:16.058419,0.033,0.037,0.004
2020-03-20 12:28:13.302444,0.032,0.039,0.008
2020-03-20 12:29:10.546452,0.033,0.037,0.004
2020-03-20 12:30:07.790472,0.033,0.038,0.005
2020-03-20 12:31:05.004085,0.032,0.039,0.006
2020-03-20 12:32:02.246431,0.032,0.039,0.005
2020-03-20 12:32:59.490457,0.032,0.035,0.003
2020-03-20 12:33:56.734438,0.032,0.037,0.006
2020-03-20 12:34:53.972127,0.033,0.037,0.005
2020-03-20 12:35:51.214415,0.031,0.038,0.007
2020-03-20 12:36:48.458458,0.032,0.037,0.007
2020-03-20 12:37:45.702466,0.032,0.037,0.007
2020-03-20 12:38:42.946473,0.032,0.039,0.007
2020-03-20 12:39:40.190448,0.033,0.037,0.002
2020-03-20 12:40:37.434460,0.032,0.038,0.006
2020-03-20 12:41:34.678470,0.033,0.037,0.002
2020-03-20 12:42:31.922480,0.032,0.040,0.005
2020-03-20 12:43:29.158424,0.032,0.036,0.006
2020-03-20 12:44:26.402458,0.032,0.038,0.006
2020-03-20 12:45:23.646444,0.033,0.039,0.005
2020-03-20 12:46:20.890408,0.033,0.039,0.006
2020-03-20 12:47:18.134430,0.032,0.038,0.007
2020-03-20 12:48:15.378492,0.032,0.037,0.007
2020-03-20 12:49:12.630392,0.033,0.037,0.003
2020-03-20 12:50:09.874428,0.033,0.037,0.002
2020-03-20 12:51:07.122448,0.032,0.038,0.003
2020-03-20 12:52:04.374557,0.034,0.037,0.002
2020-03-20 12:53:01.618566,0.035,0.059,0.008
2020-03-20 12:53:58.862472,0.032,0.037,0.007
2020-03-20 12:54:56.099300,0.032,0.038,0.004
2020-03-20 12:55:53.342455,0.036,0.061,0.009
2020-03-20 12:56:50.586417,0.032,0.038,0.008
2020-03-20 12:57:47.830471,0.033,0.037,0.003
2020-03-20 12:58:45.062544,0.033,0.039,0.003
2020-03-20 12:59:42.306444,0.032,0.035,0.003
2020-03-20 13:00:39.554504,0.033,0.038,0.002
2020-03-20 13:01:36.798426,0.033,0.041,0.007
2020-03-20 13:02:34.034449,0.033,0.039,0.007
2020-03-20 13:03:31.278466,0.032,0.037,0.003
2020-03-20 13:04:28.522459,0.032,0.036,0.007
2020-03-20 13:05:25.766428,0.032,0.038,0.004
2020-03-20 13:06:23.010444,0.032,0.039,0.006
2020-03-20 13:07:20.254463,0.032,0.038,0.005
2020-03-20 13:08:17.498477,0.032,0.036,0.005
2020-03-20 13:09:14.742464,0.032,0.038,0.006
2020-03-20 13:10:11.986448,0.033,0.036,0.002
2020-03-20 13:11:09.230467,0.033,0.038,0.005
2020-03-20 13:12:06.474444,0.033,0.041,0.007
2020-03-20 13:13:03.714495,0.032,0.037,0.006
2020-03-20 13:14:00.958475,0.033,0.039,0.006
2020-03-20 13:14:58.202514,0.032,0.036,0.004
2020-03-20 13:15:55.446467,0.033,0.037,0.003
2020-03-20 13:16:52.690440,0.032,0.040,0.006
2020-03-20 13:17:49.934457,0.033,0.039,0.002
2020-03-20 13:18:47.170441,0.032,0.037,0.007
2020-03-20 13:19:44.414439,0.032,0.039,0.008
2020-03-20 13:20:41.658463,0.033,0.038,0.005
2020-03-20 13:21:38.902424,0.033,0.040,0.005
2020-03-20 13:22:36.146490,0.033,0.039,0.002
2020-03-20 13:23:33.390457,0.032,0.037,0.005
2020-03-20 13:24:30.634554,0.033,0.038,0.002
2020-03-20 13:25:27.878417,0.032,0.037,0.007
2020-03-20 13:26:25.122422,0.033,0.038,0.005
2020-03-20 13:27:22.366449,0.032,0.038,0.007
2020-03-20 13:28:19.610451,0.032,0.037,0.003
2020-03-20 13:29:16.854540,0.032,0.037,0.007
2020-03-20 13:30:14.098508,0.032,0.037,0.003
2020-03-20 13:31:11.342465,0.032,0.038,0.006
2020-03-20 13:32:08.586397,0.032,0.037,0.006
2020-03-20 13:33:05.830459,0.033,0.040,0.003
2020-03-20 13:34:03.062440,0.032,0.036,0.004
2020-03-20 13:35:00.306510,0.032,0.037,0.006
2020-03-20 13:35:57.550506,0.032,0.037,0.008
2020-03-20 13:36:54.794438,0.033,0.037,0.002
2020-03-20 13:37:52.034479,0.032,0.037,0.004
2020-03-20 13:38:49.278443,0.032,0.038,0.006
2020-03-20 13:39:46.522455,0.033,0.040,0.007
2020-03-20 13:40:43.766460,0.032,0.038,0.005
2020-03-20 13:41:41.004123,0.032,0.037,0.007
2020-03-20 13:42:38.246427,0.032,0.036,0.003
2020-03-20 13:43:35.490468,0.033,0.038,0.006
2020-03-20 13:44:32.734427,0.032,0.037,0.006
2020-03-20 13:45:29.972128,0.032,0.037,0.007
2020-03-20 13:46:27.214454,0.032,0.038,0.007
2020-03-20 13:47:24.458456,0.032,0.036,0.005
2020-03-20 13:48:21.710443,0.033,0.038,0.002
2020-03-20 13:49:18.954489,0.032,0.037,0.006
2020-03-20 13:50:16.198455,0.032,0.038,0.006
2020-03-20 13:51:13.442478,0.044,0.057,0.013
2020-03-20 13:52:10.686454,0.032,0.039,0.008
2020-03-20 13:53:07.918505,0.032,0.037,0.003
2020-03-20 13:54:05.154426,0.032,0.034,0.003
2020-03-20 13:55:02.398472,0.031,0.038,0.007
2020-03-20 13:55:59.642514,0.041,0.055,0.008
2020-03-20 13:56:56.886447,0.032,0.039,0.007
2020-03-20 13:57:54.130464,0.032,0.037,0.005
2020-03-20 13:58:51.370472,0.032,0.036,0.006
2020-03-20 13:59:48.614439,0.034,0.039,0.005
2020-03-20 14:00:45.858478,0.033,0.038,0.005
2020-03-20 14:01:43.102493,0.033,0.038,0.003
2020-03-20 14:02:40.342468,0.032,0.039,0.006
2020-03-20 14:03:37.586495,0.032,0.037,0.004
2020-03-20 14:04:34.830449,0.032,0.037,0.006
2020-03-20 14:05:32.062468,0.032,0.038,0.006
2020-03-20 14:06:29.306583,0.032,0.039,0.008
2020-03-20 14:07:26.546479,0.032,0.039,0.006
2020-03-20 14:08:23.790487,0.033,0.038,0.003
2020-03-20 14:09:21.030494,0.033,0.039,0.005
2020-03-20 14:10:18.274487,0.032,0.037,0.007
2020-03-20 14:11:15.518476,0.032,0.039,0.006
2020-03-20 14:12:12.762466,0.032,0.041,0.006
2020-03-20 14:13:10.006486,0.032,0.037,0.006
2020-03-20 14:14:07.250484,0.032,0.036,0.007
2020-03-20 14:15:04.494568,0.033,0.038,0.002
2020-03-20 14:16:01.738439,0.032,0.039,0.004
2020-03-20 14:16:58.982421,0.033,0.038,0.006
2020-03-20 14:17:56.226528,0.032,0.039,0.005
2020-03-20 14:18:53.470461,0.033,0.039,0.002
2020-03-20 14:19:50.714451,0.034,0.056,0.008
2020-03-20 14:20:47.958486,0.033,0.041,0.006
2020-03-20 14:21:45.202465,0.033,0.040,0.006
2020-03-20 14:22:42.446420,0.033,0.042,0.006
2020-03-20 14:23:39.690439,0.033,0.038,0.004
2020-03-20 14:24:36.934441,0.032,0.038,0.004
2020-03-20 14:25:34.170451,0.033,0.037,0.002
2020-03-20 14:26:31.414437,0.031,0.037,0.007
2020-03-20 14:27:28.658398,0.032,0.039,0.008
2020-03-20 14:28:25.902463,0.032,0.037,0.005
2020-03-20 14:29:23.146429,0.033,0.037,0.007
2020-03-20 14:30:20.390436,0.033,0.039,0.005
2020-03-20 14:31:17.634413,0.032,0.038,0.007
2020-03-20 14:32:14.868090,0.032,0.037,0.006
2020-03-20 14:33:12.110424,0.033,0.037,0.002
2020-03-20 14:34:09.354451,0.032,0.039,0.007
2020-03-20 14:35:06.598454,0.032,0.038,0.006
2020-03-20 14:36:03.842483,0.032,0.037,0.007
2020-03-20 14:37:01.074402,0.032,0.036,0.006
2020-03-20 14:37:58.318444,0.032,0.037,0.007
2020-03-20 14:38:55.566463,0.033,0.038,0.003
2020-03-20 14:39:52.810391,0.033,0.039,0.002
2020-03-20 14:40:50.042467,0.033,0.040,0.005
2020-03-20 14:41:47.286435,0.032,0.038,0.006
2020-03-20 14:42:44.530470,0.032,0.040,0.008
2020-03-20 14:43:41.774555,0.032,0.037,0.007
2020-03-20 14:44:39.018439,0.033,0.040,0.007
2020-03-20 14:45:36.262534,0.032,0.037,0.005
2020-03-20 14:46:33.506450,0.032,0.037,0.005
2020-03-20 14:47:30.750428,0.033,0.038,0.004
2020-03-20 14:48:27.994524,0.033,0.038,0.005
2020-03-20 14:49:25.238552,0.033,0.038,0.002
2020-03-20 14:50:22.482453,0.033,0.039,0.002
2020-03-20 14:51:19.730474,0.032,0.037,0.007
2020-03-20 14:52:16.974519,0.032,0.040,0.005
2020-03-20 14:53:14.218430,0.033,0.037,0.002
2020-03-20 14:54:11.462453,0.032,0.037,0.005
2020-03-20 14:55:08.706408,0.033,0.038,0.002
2020-03-20 14:56:05.950441,0.033,0.039,0.007
2020-03-20 14:57:03.194461,0.032,0.036,0.007
2020-03-20 14:58:00.438443,0.032,0.037,0.004
2020-03-20 14:58:57.682483,0.033,0.039,0.004
2020-03-20 14:59:54.926479,0.033,0.038,0.003
2020-03-20 15:00:52.162461,0.033,0.038,0.005
2020-03-20 15:01:49.406499,0.034,0.040,0.003
2020-03-20 15:02:46.650444,0.033,0.039,0.005
2020-03-20 15:03:43.894426,0.033,0.038,0.005
2020-03-20 15:04:41.138445,0.032,0.038,0.007
2020-03-20 15:05:38.382455,0.032,0.037,0.005
2020-03-20 15:06:35.626464,0.032,0.039,0.006
2020-03-20 15:07:32.870394,0.033,0.042,0.006
2020-03-20 15:08:30.114455,0.031,0.035,0.007
2020-03-20 15:09:27.358455,0.032,0.040,0.007
2020-03-20 15:10:24.602410,0.032,0.037,0.007
2020-03-20 15:11:21.846539,0.032,0.040,0.007
2020-03-20 15:12:19.078452,0.033,0.037,0.002
2020-03-20 15:13:16.322440,0.033,0.039,0.005
2020-03-20 15:14:13.566448,0.032,0.037,0.002
2020-03-20 15:15:10.810461,0.033,0.040,0.005
2020-03-20 15:16:08.026415,0.033,0.042,0.005
2020-03-20 15:17:05.270585,0.032,0.038,0.006
2020-03-20 15:18:02.514427,0.032,0.038,0.004
2020-03-20 15:18:59.758510,0.033,0.039,0.006
2020-03-20 15:19:57.002541,0.032,0.040,0.007
2020-03-20 15:20:54.246633,0.033,0.039,0.005
2020-03-20 15:21:51.490493,0.033,0.040,0.003
2020-03-20 15:22:48.734402,0.032,0.040,0.006
2020-03-20 15:23:45.978602,0.032,0.038,0.007
2020-03-20 15:24:43.222470,0.032,0.038,0.007
2020-03-20 15:25:40.470487,0.033,0.037,0.005
2020-03-20 15:26:37.714496,0.033,0.042,0.004
2020-03-20 15:27:34.958467,0.033,0.039,0.002
2020-03-20 15:28:32.202480,0.032,0.039,0.008
2020-03-20 15:29:29.446525,0.033,0.040,0.002
2020-03-20 15:30:26.690442,0.032,0.040,0.007
2020-03-20 15:31:23.934531,0.033,0.038,0.002
2020-03-20 15:32:21.170410,0.032,0.036,0.007
2020-03-20 15:33:18.414440,0.033,0.042,0.004
2020-03-20 15:34:15.658510,0.033,0.037,0.002
2020-03-20 15:35:12.902417,0.033,0.043,0.008
2020-03-20 15:36:10.142458,0.033,0.037,0.004
2020-03-20 15:37:07.386454,0.032,0.037,0.003
2020-03-20 15:38:04.630409,0.032,0.040,0.006
2020-03-20 15:39:01.874464,0.032,0.037,0.005
2020-03-20 15:39:59.118429,0.033,0.039,0.006
2020-03-20 15:40:56.362465,0.033,0.039,0.004
2020-03-20 15:41:53.606474,0.033,0.040,0.006
2020-03-20 15:42:50.850479,0.032,0.036,0.004
2020-03-20 15:43:48.086421,0.033,0.040,0.005
2020-03-20 15:44:45.330461,0.033,0.038,0.002
2020-03-20 15:45:42.574470,0.033,0.040,0.004
2020-03-20 15:46:39.822486,0.032,0.039,0.008
2020-03-20 15:47:37.054580,0.033,0.039,0.005
2020-03-20 15:48:34.298421,0.032,0.037,0.006
2020-03-20 15:49:31.542511,0.032,0.038,0.007
2020-03-20 15:50:28.786553,0.033,0.041,0.005
2020-03-20 15:51:26.030452,0.032,0.040,0.007
2020-03-20 15:52:23.274488,0.032,0.037,0.007
2020-03-20 15:53:20.518488,0.032,0.040,0.006
2020-03-20 15:54:17.762503,0.032,0.039,0.005
2020-03-20 15:55:15.006505,0.033,0.039,0.007
2020-03-20 15:56:12.250549,0.033,0.038,0.006
2020-03-20 15:57:09.494498,0.034,0.041,0.004
2020-03-20 15:58:06.738496,0.033,0.038,0.003
2020-03-20 15:59:03.982459,0.033,0.038,0.002
2020-03-20 16:00:01.226475,0.032,0.039,0.008
2020-03-20 16:00:58.470454,0.032,0.038,0.004
2020-03-20 16:01:55.712390,0.032,0.037,0.007
2020-03-20 16:02:52.954454,0.035,0.043,0.004
2020-03-20 16:03:50.198480,0.032,0.037,0.006
2020-03-20 16:04:47.442471,0.032,0.037,0.007
2020-03-20 16:05:44.690426,0.033,0.038,0.005
2020-03-20 16:06:41.934386,0.033,0.038,0.005
2020-03-20 16:07:39.170440,0.032,0.038,0.007
2020-03-20 16:08:36.414439,0.032,0.037,0.007
2020-03-20 16:09:33.658471,0.032,0.040,0.006
2020-03-20 16:10:30.902436,0.033,0.037,0.005
2020-03-20 16:11:28.150427,0.032,0.039,0.007
2020-03-20 16:12:25.398431,0.032,0.038,0.007
2020-03-20 16:13:22.642459,0.032,0.039,0.004
2020-03-20 16:14:19.886487,0.034,0.039,0.003
2020-03-20 16:15:17.130548,0.032,0.038,0.008
2020-03-20 16:16:14.374463,0.048,0.059,0.012
2020-03-20 16:17:11.618463,0.033,0.042,0.003
2020-03-20 16:18:08.862505,0.033,0.044,0.007
2020-03-20 16:19:06.106604,0.032,0.039,0.004
2020-03-20 16:20:03.350436,0.033,0.039,0.005
2020-03-20 16:21:00.594505,0.033,0.037,0.007
2020-03-20 16:21:57.838469,0.032,0.041,0.008
2020-03-20 16:22:55.070474,0.033,0.041,0.005
2020-03-20 16:23:52.318522,0.032,0.037,0.006
2020-03-20 16:24:49.562518,0.033,0.038,0.006
2020-03-20 16:25:46.806443,0.033,0.041,0.008
2020-03-20 16:26:44.046485,0.033,0.039,0.006
2020-03-20 16:27:41.290426,0.033,0.037,0.003
2020-03-20 16:28:38.534483,0.033,0.038,0.003
2020-03-20 16:29:35.778486,0.032,0.038,0.007
2020-03-20 16:30:33.004125,0.032,0.037,0.006
2020-03-20 16:31:30.246429,0.031,0.039,0.007
2020-03-20 16:32:27.486428,0.033,0.038,0.005
2020-03-20 16:33:24.870455,0.033,0.040,0.006
2020-03-20 16:34:22.114462,0.032,0.038,0.007
2020-03-20 16:35:19.358449,0.032,0.036,0.007
2020-03-20 16:36:16.602421,0.033,0.039,0.002
2020-03-20 16:37:13.846485,0.034,0.051,0.008
2020-03-20 16:38:11.078458,0.032,0.038,0.006
2020-03-20 16:39:08.322430,0.032,0.038,0.007
2020-03-20 16:40:05.566460,0.032,0.038,0.004
2020-03-20 16:41:02.810449,0.033,0.039,0.003
2020-03-20 16:42:00.046448,0.032,0.039,0.006
2020-03-20 16:42:57.290424,0.033,0.038,0.005
2020-03-20 16:43:54.534456,0.033,0.040,0.007
2020-03-20 16:44:51.778476,0.033,0.040,0.005
2020-03-20 16:45:49.004122,0.033,0.040,0.005
2020-03-20 16:46:46.250440,0.032,0.037,0.005
2020-03-20 16:47:43.494433,0.033,0.039,0.003
2020-03-20 16:48:40.738405,0.033,0.037,0.003
2020-03-20 16:49:37.972125,0.033,0.041,0.005
2020-03-20 16:50:35.214435,0.033,0.038,0.006
2020-03-20 16:51:32.458437,0.032,0.038,0.005
2020-03-20 16:52:29.706455,0.032,0.038,0.008
2020-03-20 16:53:26.950463,0.033,0.038,0.004
2020-03-20 16:54:24.194449,0.033,0.039,0.004
2020-03-20 16:55:21.438581,0.033,0.041,0.006
2020-03-20 16:56:18.682393,0.033,0.042,0.007
2020-03-20 16:57:15.926455,0.032,0.038,0.005
2020-03-20 16:58:13.158551,0.033,0.037,0.006
2020-03-20 16:59:10.414422,0.033,0.041,0.004
2020-03-20 17:00:07.658466,0.033,0.036,0.002
2020-03-20 17:01:04.902427,0.032,0.041,0.008
2020-03-20 17:02:02.146414,0.032,0.037,0.007
2020-03-20 17:02:59.390436,0.034,0.039,0.005
2020-03-20 17:03:56.634407,0.033,0.040,0.004
2020-03-20 17:04:53.878466,0.034,0.042,0.006
2020-03-20 17:05:51.118430,0.033,0.045,0.006
2020-03-20 17:06:48.362445,0.033,0.037,0.002
2020-03-20 17:07:45.606445,0.032,0.038,0.007
2020-03-20 17:08:42.850479,0.032,0.038,0.007
2020-03-20 17:09:40.090446,0.033,0.038,0.003
2020-03-20 17:10:37.334449,0.033,0.039,0.004
2020-03-20 17:11:34.578468,0.032,0.040,0.005
2020-03-20 17:12:31.826495,0.032,0.039,0.003
2020-03-20 17:13:29.062550,0.034,0.040,0.007
2020-03-20 17:14:26.306408,0.034,0.038,0.003
2020-03-20 17:15:23.550423,0.032,0.037,0.003
2020-03-20 17:16:20.794512,0.033,0.043,0.006
2020-03-20 17:17:18.028222,0.034,0.048,0.008
2020-03-20 17:18:15.270465,0.036,0.051,0.007
2020-03-20 17:19:12.514491,0.037,0.056,0.009
2020-03-20 17:20:09.758437,0.032,0.039,0.007
2020-03-20 17:21:07.002446,0.033,0.041,0.006
2020-03-20 17:22:04.246537,0.033,0.039,0.005
2020-03-20 17:23:01.490456,0.034,0.042,0.003
2020-03-20 17:23:58.734475,0.033,0.040,0.003
2020-03-20 17:24:55.978518,0.032,0.037,0.007
2020-03-20 17:25:53.222429,0.032,0.040,0.006
2020-03-20 17:26:50.466461,0.033,0.041,0.004
2020-03-20 17:27:47.710468,0.032,0.039,0.007
2020-03-20 17:28:44.954546,0.033,0.040,0.002
2020-03-20 17:29:42.198420,0.032,0.036,0.005
2020-03-20 17:30:39.442456,0.033,0.042,0.007
2020-03-20 17:31:36.690510,0.032,0.040,0.006
2020-03-20 17:32:33.934454,0.032,0.038,0.007
2020-03-20 17:33:31.170451,0.033,0.037,0.003
2020-03-20 17:34:28.414452,0.033,0.039,0.003
2020-03-20 17:35:25.658432,0.032,0.040,0.007
2020-03-20 17:36:22.902476,0.032,0.039,0.007
2020-03-20 17:37:20.142512,0.032,0.040,0.008
2020-03-20 17:38:17.386452,0.033,0.041,0.006
2020-03-20 17:39:14.630489,0.032,0.039,0.007
2020-03-20 17:40:11.874534,0.033,0.040,0.005
2020-03-20 17:41:09.114575,0.033,0.039,0.005
2020-03-20 17:42:06.358472,0.032,0.038,0.005
2020-03-20 17:43:03.602495,0.032,0.037,0.006
2020-03-20 17:44:00.846450,0.033,0.044,0.006
2020-03-20 17:44:58.078563,0.032,0.040,0.007
2020-03-20 17:45:55.322494,0.033,0.042,0.005
2020-03-20 17:46:52.566426,0.032,0.039,0.005
2020-03-20 17:47:49.810521,0.032,0.039,0.005
2020-03-20 17:48:47.046474,0.032,0.040,0.007
2020-03-20 17:49:44.290452,0.032,0.038,0.007
2020-03-20 17:50:41.534462,0.033,0.042,0.004
2020-03-20 17:51:38.774467,0.033,0.039,0.003
2020-03-20 17:52:36.018543,0.033,0.038,0.006
2020-03-20 17:53:33.262457,0.033,0.038,0.003
2020-03-20 17:54:30.506473,0.033,0.041,0.004
2020-03-20 17:55:27.750526,0.032,0.038,0.007
2020-03-20 17:56:24.994414,0.032,0.037,0.007
2020-03-20 17:57:22.238434,0.033,0.039,0.002
2020-03-20 17:58:19.482396,0.032,0.038,0.006
2020-03-20 17:59:16.726434,0.033,0.041,0.003
2020-03-20 18:00:13.970421,0.033,0.037,0.006
2020-03-20 18:01:11.210452,0.033,0.039,0.006
2020-03-20 18:02:08.454435,0.033,0.037,0.002
2020-03-20 18:03:05.698449,0.033,0.039,0.003
2020-03-20 18:04:02.942457,0.032,0.038,0.005
2020-03-20 18:05:00.178447,0.033,0.038,0.006
2020-03-20 18:05:57.418425,0.035,0.063,0.009
2020-03-20 18:06:54.662444,0.032,0.042,0.008
2020-03-20 18:07:51.902453,0.033,0.041,0.006
2020-03-20 18:08:49.142423,0.033,0.038,0.005
2020-03-20 18:09:46.386443,0.032,0.039,0.006
2020-03-20 18:10:43.630459,0.032,0.040,0.008
2020-03-20 18:11:40.874524,0.033,0.041,0.007
2020-03-20 18:12:38.114613,0.032,0.038,0.005
2020-03-20 18:13:35.354442,0.034,0.039,0.003
2020-03-20 18:14:32.602414,0.033,0.039,0.006
2020-03-20 18:15:29.846457,0.033,0.040,0.007
2020-03-20 18:16:27.078423,0.032,0.039,0.008
2020-03-20 18:17:24.322420,0.032,0.038,0.007
2020-03-20 18:18:21.566453,0.032,0.040,0.006
2020-03-20 18:19:18.810462,0.033,0.043,0.003
2020-03-20 18:20:16.046431,0.033,0.039,0.007
2020-03-20 18:21:13.290440,0.032,0.039,0.006
2020-03-20 18:22:10.534429,0.033,0.041,0.004
2020-03-20 18:23:07.774433,0.032,0.038,0.006
2020-03-20 18:24:05.026399,0.032,0.039,0.005
2020-03-20 18:25:02.270415,0.033,0.041,0.007
2020-03-20 18:25:59.514464,0.033,0.039,0.003
2020-03-20 18:26:56.758433,0.033,0.042,0.006
2020-03-20 18:27:54.002427,0.033,0.040,0.005
2020-03-20 18:28:51.246447,0.032,0.038,0.008
2020-03-20 18:29:48.490530,0.033,0.038,0.004
2020-03-20 18:30:45.734465,0.033,0.040,0.006
2020-03-20 18:31:42.978455,0.033,0.039,0.003
2020-03-20 18:32:40.222429,0.032,0.039,0.008
2020-03-20 18:33:37.466437,0.034,0.050,0.009
2020-03-20 18:34:34.706433,0.032,0.038,0.006
2020-03-20 18:35:31.950493,0.033,0.038,0.004
2020-03-20 18:36:29.190449,0.033,0.038,0.006
2020-03-20 18:37:26.434445,0.032,0.040,0.008
2020-03-20 18:38:23.678467,0.033,0.040,0.004
2020-03-20 18:39:20.922434,0.033,0.042,0.006
2020-03-20 18:40:18.154414,0.032,0.037,0.006
2020-03-20 18:41:15.398447,0.033,0.039,0.003
2020-03-20 18:42:12.642439,0.032,0.038,0.006
2020-03-20 18:43:09.888157,0.032,0.039,0.006
2020-03-20 18:44:07.130435,0.032,0.036,0.007
2020-03-20 18:45:04.374536,0.032,0.039,0.006
2020-03-20 18:46:01.618579,0.032,0.038,0.006
2020-03-20 18:46:58.862473,0.034,0.043,0.004
2020-03-20 18:47:56.106519,0.032,0.038,0.007
2020-03-20 18:48:53.350444,0.032,0.039,0.005
2020-03-20 18:49:50.594628,0.033,0.039,0.004
2020-03-20 18:50:47.838464,0.032,0.039,0.008
2020-03-20 18:51:45.070477,0.033,0.039,0.003
2020-03-20 18:52:42.318510,0.033,0.040,0.004
2020-03-20 18:53:39.562473,0.033,0.041,0.003
2020-03-20 18:54:36.806476,0.032,0.040,0.005
2020-03-20 18:55:34.042496,0.035,0.065,0.011
2020-03-20 18:56:31.286434,0.033,0.038,0.004
2020-03-20 18:57:28.530493,0.032,0.041,0.007
2020-03-20 18:58:25.774412,0.033,0.040,0.006
2020-03-20 18:59:23.018442,0.033,0.039,0.006
2020-03-20 19:00:20.262515,0.033,0.038,0.005
2020-03-20 19:01:17.506483,0.032,0.041,0.008
2020-03-20 19:02:14.750426,0.033,0.039,0.008
2020-03-20 19:03:11.994465,0.032,0.037,0.007
2020-03-20 19:04:09.238499,0.033,0.037,0.004
2020-03-20 19:05:06.482453,0.034,0.041,0.004
2020-03-20 19:06:03.726505,0.032,0.037,0.004
2020-03-20 19:07:00.970457,0.033,0.040,0.005
2020-03-20 19:07:58.214425,0.033,0.044,0.004
2020-03-20 19:08:55.458470,0.033,0.039,0.005
2020-03-20 19:09:52.702439,0.033,0.037,0.002
2020-03-20 19:10:49.954432,0.033,0.040,0.004
2020-03-20 19:11:47.198483,0.032,0.039,0.006
2020-03-20 19:12:44.442435,0.033,0.040,0.006
2020-03-20 19:13:41.686464,0.033,0.040,0.005
2020-03-20 19:14:38.930457,0.033,0.040,0.005
2020-03-20 19:15:36.166514,0.032,0.038,0.007
2020-03-20 19:16:33.418451,0.033,0.042,0.006
2020-03-20 19:17:30.662437,0.033,0.042,0.008
2020-03-20 19:18:27.906435,0.033,0.039,0.007
2020-03-20 19:19:25.150414,0.033,0.038,0.005
2020-03-20 19:20:22.394455,0.032,0.038,0.007
2020-03-20 19:21:19.638485,0.032,0.037,0.007
2020-03-20 19:22:16.882446,0.033,0.041,0.007
2020-03-20 19:23:14.126543,0.033,0.039,0.007
2020-03-20 19:24:11.370459,0.033,0.037,0.006
2020-03-20 19:25:08.614396,0.032,0.038,0.007
2020-03-20 19:26:05.858450,0.033,0.037,0.002
2020-03-20 19:27:03.098459,0.032,0.039,0.006
2020-03-20 19:28:00.342474,0.032,0.037,0.006
2020-03-20 19:28:57.586514,0.032,0.039,0.006
2020-03-20 19:29:54.830421,0.032,0.037,0.007
2020-03-20 19:30:52.062555,0.033,0.039,0.006
2020-03-20 19:31:49.306500,0.033,0.041,0.006
2020-03-20 19:32:46.550450,0.033,0.040,0.004
2020-03-20 19:33:43.794468,0.032,0.039,0.007
2020-03-20 19:34:41.034475,0.032,0.037,0.005
2020-03-20 19:35:38.272150,0.032,0.038,0.003
2020-03-20 19:36:35.514475,0.033,0.039,0.007
2020-03-20 19:37:32.758454,0.032,0.040,0.008
2020-03-20 19:38:30.002453,0.032,0.039,0.004
2020-03-20 19:39:27.246482,0.032,0.039,0.007
2020-03-20 19:40:24.490541,0.033,0.039,0.006
2020-03-20 19:41:21.734489,0.033,0.040,0.002
2020-03-20 19:42:18.978505,0.033,0.040,0.006
2020-03-20 19:43:16.222466,0.032,0.038,0.005
2020-03-20 19:44:13.466509,0.033,0.040,0.002
2020-03-20 19:45:10.710487,0.032,0.039,0.007
2020-03-20 19:46:07.954551,0.033,0.037,0.007
2020-03-20 19:47:05.198591,0.034,0.039,0.002
2020-03-20 19:48:02.442382,0.032,0.037,0.007
2020-03-20 19:48:59.686519,0.032,0.038,0.006
2020-03-20 19:49:56.930438,0.033,0.039,0.006
2020-03-20 19:50:54.166451,0.033,0.040,0.002
2020-03-20 19:51:51.410462,0.033,0.042,0.006
2020-03-20 19:52:48.654407,0.032,0.040,0.008
2020-03-20 19:53:45.898519,0.032,0.040,0.007
2020-03-20 19:54:43.142468,0.033,0.041,0.006
2020-03-20 19:55:40.386528,0.033,0.040,0.006
2020-03-20 19:56:37.630453,0.032,0.042,0.008
2020-03-20 19:57:34.874454,0.032,0.038,0.007
2020-03-20 19:58:32.118469,0.033,0.039,0.005
2020-03-20 19:59:29.362471,0.033,0.040,0.003
2020-03-20 20:00:26.610455,0.033,0.042,0.005
2020-03-20 20:01:23.854499,0.033,0.040,0.007
2020-03-20 20:02:21.098557,0.033,0.040,0.004
2020-03-20 20:03:18.342612,0.032,0.039,0.007
2020-03-20 20:04:15.586486,0.034,0.045,0.007
2020-03-20 20:05:12.830409,0.032,0.041,0.007
2020-03-20 20:06:10.062424,0.033,0.037,0.004
2020-03-20 20:07:07.306451,0.032,0.038,0.005
2020-03-20 20:08:04.550394,0.033,0.038,0.004
2020-03-20 20:09:01.794470,0.032,0.039,0.007
2020-03-20 20:09:59.004122,0.032,0.037,0.007
2020-03-20 20:10:56.246431,0.033,0.038,0.005
2020-03-20 20:11:53.498472,0.032,0.038,0.007
2020-03-20 20:12:50.742450,0.032,0.038,0.008
2020-03-20 20:13:47.986479,0.033,0.040,0.004
2020-03-20 20:14:45.230422,0.039,0.057,0.010
2020-03-20 20:15:42.474485,0.033,0.040,0.006
2020-03-20 20:16:39.718474,0.033,0.037,0.002
2020-03-20 20:17:36.962460,0.032,0.040,0.006
2020-03-20 20:18:34.206430,0.033,0.040,0.004
2020-03-20 20:19:31.450457,0.033,0.040,0.006
2020-03-20 20:20:28.694442,0.032,0.037,0.007
2020-03-20 20:21:25.938432,0.033,0.043,0.003
2020-03-20 20:22:23.170448,0.032,0.039,0.006
2020-03-20 20:23:20.414461,0.032,0.039,0.004
2020-03-20 20:24:17.658476,0.033,0.039,0.003
2020-03-20 20:25:14.902460,0.033,0.037,0.003
2020-03-20 20:26:12.146456,0.032,0.040,0.006
2020-03-20 20:27:09.390449,0.032,0.040,0.007
2020-03-20 20:28:06.634395,0.032,0.041,0.007
2020-03-20 20:29:03.878406,0.033,0.041,0.005
2020-03-20 20:30:01.122384,0.032,0.036,0.006
2020-03-20 20:30:58.366390,0.034,0.040,0.003
2020-03-20 20:31:55.610428,0.033,0.038,0.005
2020-03-20 20:32:52.854421,0.034,0.041,0.003
2020-03-20 20:33:50.098386,0.032,0.038,0.007
2020-03-20 20:34:47.342388,0.032,0.039,0.007
2020-03-20 20:35:44.586390,0.033,0.038,0.005
2020-03-20 20:36:41.830415,0.032,0.040,0.007
2020-03-20 20:37:39.062388,0.033,0.039,0.002
2020-03-20 20:38:36.306408,0.033,0.039,0.003
2020-03-20 20:39:33.550409,0.033,0.040,0.006
2020-03-20 20:40:30.794416,0.033,0.040,0.004
2020-03-20 20:41:28.004121,0.033,0.039,0.005
2020-03-20 20:42:25.246403,0.033,0.038,0.006
2020-03-20 20:43:22.490410,0.032,0.039,0.008
2020-03-20 20:44:19.734398,0.033,0.041,0.004
2020-03-20 20:45:16.978437,0.032,0.040,0.007
2020-03-20 20:46:14.222393,0.033,0.040,0.002
2020-03-20 20:47:11.466406,0.033,0.042,0.005
2020-03-20 20:48:08.710397,0.033,0.038,0.004
2020-03-20 20:49:05.954380,0.033,0.042,0.004
2020-03-20 20:50:03.206397,0.032,0.038,0.008
2020-03-20 20:51:00.450411,0.032,0.039,0.007
2020-03-20 20:51:57.694417,0.033,0.043,0.006
2020-03-20 20:52:54.938421,0.034,0.041,0.003
2020-03-20 20:53:52.174427,0.033,0.040,0.004
2020-03-20 20:54:49.418407,0.033,0.041,0.007
2020-03-20 20:55:46.662410,0.033,0.042,0.004
2020-03-20 20:56:43.906418,0.033,0.040,0.005
2020-03-20 20:57:41.150397,0.032,0.038,0.005
2020-03-20 20:58:38.394405,0.032,0.038,0.007
2020-03-20 20:59:35.638417,0.033,0.038,0.003
2020-03-20 21:00:32.882400,0.034,0.040,0.004
2020-03-20 21:01:30.126395,0.033,0.039,0.005
2020-03-20 21:02:27.370406,0.032,0.039,0.008
2020-03-20 21:03:24.614422,0.033,0.039,0.002
2020-03-20 21:04:21.858398,0.034,0.040,0.004
2020-03-20 21:05:19.102417,0.033,0.043,0.006
2020-03-20 21:06:16.346394,0.033,0.039,0.003
2020-03-20 21:07:13.590388,0.034,0.043,0.006
2020-03-20 21:08:10.834383,0.033,0.042,0.007
2020-03-20 21:09:08.066380,0.034,0.041,0.005
2020-03-20 21:10:05.310441,0.032,0.037,0.007
2020-03-20 21:11:02.554406,0.033,0.040,0.005
2020-03-20 21:11:59.798396,0.033,0.039,0.004
2020-03-20 21:12:57.034440,0.033,0.039,0.008
2020-03-20 21:13:54.282405,0.033,0.039,0.005
2020-03-20 21:14:51.526402,0.032,0.036,0.007
